drugId,drugName
0,调经祛斑片
1,硬脂酸红霉素颗粒
2,盐酸沙格雷酯片
3,杞枣口服液
4,补肾益脑胶囊
5,妇洁舒洗液
6,洁阴止痒洗液
7,振源胶囊
8,注射用依那西普
9,金归洗液
10,磺胺甲噁唑片
11,小牛血清去蛋白眼用凝胶
12,托西酸舒他西林胶囊
13,连翘败毒片
14,五加参颗粒
15,维生素E软胶囊
16,盐酸洛美沙星滴眼液
17,生化丸
18,伊曲康唑胶囊
19,哈西奈德溶液
20,白消安片
21,吲哚美辛栓
22,乐孕宁颗粒
23,婴儿保肺宁
24,心肝宝胶囊
25,小儿生血糖浆
26,注射用普罗瑞林
27,贞芪扶正颗粒
28,大蒜肠溶片
29,氧氟沙星栓
30,辅酶Q10片
31,肺宁片
32,维C银翘片
33,化风丹
34,牛黄清热胶囊
35,唐草片
36,调经止痛胶囊
37,夏枯草膏
38,烯丙雌醇片
39,注射用依托泊苷
40,糖尿乐胶囊
41,消瘿五海丸
42,注射用甲磺酸帕珠沙星
43,银黄胶囊
44,阿苯达唑片
45,藏青果喉片
46,盐酸米诺环素片
47,结石通片
48,克痒敏醑
49,盐酸布替萘芬乳膏
50,丹红注射液
51,金刚藤糖浆
52,精制冠心片
53,沙美特罗替卡松粉吸入剂
54,复方胃蛋白酶颗粒
55,强肝片
56,复方鱼腥草合剂
57,噻托溴铵粉吸入剂
58,去铁酮片
59,奥美拉唑镁肠溶片
60,三黄珍珠膏
61,龙凤宝胶囊
62,慈丹胶囊
63,盐酸地尔硫卓片
64,血宁糖浆
65,消瘀康片
66,舒胆胶囊
67,肝素钠注射液
68,人二倍体细胞
69,泮托拉唑钠肠溶片
70,扑米酮片
71,天然型
72,盐酸左氧氟沙星片
73,氟氯西林钠阿莫西林胶囊
74,注射用鼠神经生长因子
75,康莱特注射液
76,盐酸雷尼替丁胶囊
77,养正消积胶囊
78,金骨莲片
79,尼莫地平片
80,甲苯咪唑咀嚼片
81,复方鱼腥草滴丸
82,去甲斑蝥素片
83,强力定眩片
84,盐酸特比萘芬阴道泡腾片
85,牛痘疫苗接种家兔炎症皮肤提取物片
86,重组促卵泡素β注射液
87,盐酸海索那林片
88,珍宝解毒胶囊
89,核黄素磷酸钠注射液
90,阿昔洛韦片
91,阿奇霉素干混悬剂
92,甲硝唑维B6片
93,醋酸去氨加压素注射液
94,升血调元汤
95,颈痛灵药酒
96,小儿感冒宁合剂
97,天然胡萝卜素胶丸
98,复方醋酸氯己定喷剂
99,酊剂
100,盐酸金刚烷胺糖浆
101,胚宝胶囊
102,清眩片
103,盐酸多沙普仑注射液
104,伤科跌打丸
105,再造生血片
106,肌氨肽苷注射液
107,独一味软胶囊
108,头孢氨苄胶囊
109,鸦胆子油乳注射液
110,增抗宁片
111,盐酸氯丙嗪片
112,伤科接骨片
113,复方熊胆薄荷含片
114,万宝油
115,特立帕肽注射液
116,注射用1,6-二磷酸果糖
117,参皇乳膏
118,苯甲酸苄酯凝胶
119,七叶皂苷钠片
120,替尼泊苷注射液
121,醒脑静注射液
122,芩连丸
123,产妇康洗液
124,尿石通丸
125,参茸强肾片
126,固肠止泻丸
127,麝香痔疮栓
128,豨蛭络达胶囊
129,小儿功劳止泻颗粒
130,坤宝丸
131,妇康片
132,酒石酸托特罗定缓释片
133,胆舒软胶囊
134,祛瘀散结胶囊
135,右旋糖酐铁口服液
136,参麦注射液
137,麝香心脑乐胶囊
138,肿节风片
139,金泽冠心胶囊
140,消炎利胆软胶囊
141,乳酸菌素颗粒
142,呋喃唑酮片
143,红药片
144,宫炎康颗粒
145,氯化钠滴眼液
146,楼莲胶囊
147,吡拉西坦颗粒
148,黄杨宁片
149,白花蛇舌草注射液
150,小儿喜食片
151,产后康膏
152,疏风活络片
153,注射用果糖二磷酸钠
154,复方驱虫斑鸠菊丸
155,盐酸乙哌立松颗粒
156,布洛芬软胶囊
157,新生化颗粒
158,复方血栓通软胶囊
159,硫酸庆大霉素颗粒
160,人血白蛋白
161,肾炎四味胶囊
162,安神补心丸
163,桂附理中丸
164,注射用腺苷钴胺
165,速溶
166,如意定喘丸
167,注射用盐酸表柔比星
168,儿童清热口服液
169,复方咖磷颗粒
170,美沙拉秦缓释片
171,新血宝胶囊
172,盐酸罗哌卡因注射液
173,枸橼酸氯米芬胶囊
174,匹多莫德片
175,维C银翘胶囊
176,复方皂矾丸
177,单唾液酸四己糖神经节苷脂钠注射液
178,硫软膏
179,小儿复方磺胺甲噁唑片
180,头孢泊肟酯片
181,胃乐新胶囊
182,小柴胡颗粒
183,泛昔洛韦片
184,复方银耳鱼肝油
185,头痛定糖浆
186,硝酸益康唑溶液
187,金栀咽喉袋泡茶
188,尿路通胶囊
189,地塞米松磷酸钠注射液
190,去乙酰毛花苷注射液
191,茶碱缓释胶囊
192,胰岛素注射液
193,溴吡斯的明片
194,归芪口服液
195,心速宁胶囊
196,咪康唑氯倍他索乳膏
197,鲨肝醇片
198,甲磺酸帕珠沙星氯化钠注射液
199,羧甲司坦口服溶液
200,大蒜素软胶囊
201,利巴韦林注射液
202,多维元素片
203,马应龙麝香痔疮膏
204,聚维酮碘栓
205,注射用缩宫素
206,硫酸锌口服溶液
207,百合固金丸
208,六合定中丸
209,舒筋活血胶囊
210,右旋糖酐羟丙甲纤维素滴眼液
211,桂枝茯苓丸
212,曲安奈德益康唑乳膏
213,注射用唑来膦酸
214,高乌甲素贴片
215,硝酸毛果芸香碱滴眼液
216,七叶神安片
217,肠炎宁片
218,兰索拉唑片
219,喉舒宁胶囊
220,苏孜阿甫片
221,盐酸文拉法辛胶囊
222,丹参酮胶囊
223,卡泊三醇软膏
224,双氯芬酸钠凝胶
225,锝[99mTc]甲氧乙腈注射液
226,粉剂
227,板蓝根滴眼液
228,利巴韦林气雾剂
229,枫蓼肠胃康颗粒
230,上清丸
231,溴新斯的明片
232,红金消结片
233,葛根素葡萄糖注射液
234,复方甘草酸苷片
235,补中益气丸
236,通窍鼻炎片
237,加味藿香正气丸
238,强力康颗粒
239,清开灵注射液
240,盐酸索他洛尔片
241,妇科分清丸
242,盐酸特比萘芬片
243,烟酸占替诺片
244,头孢呋辛酯片
245,复方决明片
246,复方酮康唑乳膏
247,骨质宁搽剂
248,盐酸普拉克索片
249,解痉镇痛酊
250,克林霉素磷酸酯溶液
251,抗衰老片
252,吲哚美辛胶囊
253,妇科止血灵胶囊
254,盐酸氨溴索片
255,疏肝益阳胶囊
256,注射用西咪替丁
257,芬布芬片
258,桂蒲肾清片
259,注射用头孢唑肟钠
260,肾复康胶囊
261,琥乙红霉素咀嚼片
262,头孢克肟颗粒
263,多烯磷脂酰胆碱注射液
264,氯化钠注射液
265,熊胆痔灵膏
266,复方盐酸阿替卡因注射液
267,痔速宁胶囊
268,缩宫素鼻喷雾剂
269,注射用葛根素
270,盐酸地匹福林滴眼液
271,除疤膏
272,头孢呋辛酯干混悬剂
273,四妙丸
274,甲紫溶液
275,银蜜片
276,氢醌乳膏
277,茴拉西坦胶囊
278,磷霉素钙片
279,三七胶囊
280,甲磺酸托烷司琼片
281,蒲地蓝消炎胶囊
282,乳酸左氧氟沙星分散片
283,益安宁丸
284,脑蛋白水解物口服液
285,五苓片
286,人用狂犬病疫苗(鸡胚细胞)
287,炎立消胶囊
288,三七止血片
289,解郁安神胶囊
290,祛瘀散结片
291,安络化纤丸
292,复方托吡卡胺滴眼液
293,聚乙二醇滴眼液
294,六锐胶囊
295,氢化可的松注射液
296,猫爪草胶囊
297,丹郁骨康丸
298,复方紫荆皮水杨酸溶液
299,注射用盐酸米托蒽醌
300,复方甘露醇注射液
301,止血镇痛胶囊
302,胃灵颗粒
303,西咪替丁片
304,氯替泼诺混悬滴眼液
305,灵益胶囊
306,烧烫伤膏
307,更昔洛韦滴眼液
308,盐酸贝那普利片
309,金荞麦片
310,止咳枇杷糖浆
311,龙胆泻肝片
312,小儿麻甘颗粒
313,局方
314,内消瘰疬丸
315,金嗓散结颗粒
316,屏风生脉胶囊
317,丁二磺酸腺苷蛋氨酸肠溶片
318,注射用盐酸吉西他滨
319,阿维A胶囊
320,马来酸氯苯那敏片
321,倍他胡萝卜素咀嚼片
322,布美他尼注射液
323,注射用还原型谷胱甘肽
324,百蕊片
325,脑蛋白水解物片
326,地奥心血康胶囊
327,朱砂安神丸
328,参附脱毒胶囊
329,多维元素片(21)
330,复方谷氨酰胺肠溶胶囊
331,复方氯化钠滴眼液
332,利奈唑胺片
333,联苯苄唑乳膏
334,注射用复方甘草酸单铵S
335,牛黄宁宫片
336,消银颗粒
337,珍芪降糖胶囊
338,枸橼酸莫沙必利片
339,复方碳酸氢钠片
340,米索前列醇片
341,布林佐胺滴眼液
342,降糖胶囊
343,克痢痧胶囊
344,二维葡醛内酯片
345,蒿甲醚注射液
346,甲芪肝纤颗粒
347,槐杞黄颗粒
348,盐酸舍曲林片
349,盐酸左旋咪唑搽剂
350,臌症丸
351,滋肾育胎丸
352,非诺贝特片
353,渴乐宁胶囊
354,降浊健美颗粒
355,牛痘疫苗接种家兔炎症皮肤提取物注射液
356,益肾灵颗粒
357,注射用醋酸亮丙瑞林缓释微球
358,活血止痛胶囊
359,阿苯达唑胶囊
360,注射用葡醛酸钠
361,格列吡嗪控释片
362,注射用磺苄西林钠
363,辅酶Q10软胶囊
364,追风药酒
365,维血宁
366,肾复康片
367,尿素维E乳膏
368,盐酸左旋咪唑片
369,盐酸羟苄唑滴眼液
370,补肾斑龙片
371,奥卡西平片
372,可乐定透皮贴片
373,硼酸软膏
374,红霉素肠溶胶囊
375,复方珍珠解毒口服液
376,根痛平胶囊
377,维生素B2片
378,复方杜仲健骨颗粒
379,复明胶囊
380,金胃泰胶囊
381,头孢克肟胶囊
382,除湿止痒洗液
383,藿胆滴丸
384,关节克痹丸
385,复方乌鳢口服液
386,比卡鲁胺片
387,根痛平颗粒
388,天智颗粒
389,注射用泮托拉唑钠
390,替加氟片
391,肿节风软胶囊
392,毒毛花苷K注射液
393,羚羊清肺散
394,氟尿嘧啶口服乳
395,参芪十一味颗粒
396,非普拉宗片
397,苯丙醇软胶囊
398,排毒清脂胶囊
399,癃闭舒胶囊
400,乳酸依沙吖啶溶液
401,可乐定控释贴
402,对乙酰氨基酚缓释片
403,金嗓散结丸
404,维生素A软胶囊
405,陈香露白露片
406,金玄痔科熏洗散
407,咪唑斯汀缓释片
408,注射用头孢哌酮钠舒巴坦钠
409,盐酸多奈哌齐口腔崩解片
410,芪芳气血颗粒
411,盐酸奥昔布宁口服溶液
412,利胆排石胶囊
413,仙乐雄胶囊
414,复方甘草酸铵注射液
415,参地益肾口服液
416,伤科灵喷雾剂
417,肝复乐胶囊
418,五粒回春丸
419,脉络舒通颗粒
420,茴香橘核丸
421,益母草软胶囊
422,盐酸妥洛特罗片
423,消炎止痢灵片
424,天麻素片
425,金匮肾气丸
426,妇康宝口服液
427,吡贝地尔缓释片
428,腺苷钴胺片
429,别嘌醇片
430,杞菊地黄丸
431,黄体酮阴道缓释凝胶
432,血美安胶囊
433,天麻素胶囊
434,氧化锌软膏
435,注射用重组人干扰素α2a
436,复方愈创木酚磺酸钾口服溶液
437,复方胆通胶囊
438,铝碳酸镁咀嚼片
439,贝前列素钠片
440,碳酸钙片
441,橘红丸
442,氯沙坦钾片
443,甲硝唑氯化钠注射液
444,盐酸阿夫唑嗪缓释片
445,桉柠蒎肠溶软胶囊
446,注射用绒促性素
447,风湿痛药酒
448,热炎宁合剂
449,复方克霉唑乳膏
450,尿素乳膏
451,回生甘露丸
452,元七骨痛酊
453,单硝酸异山梨酯片
454,源吉林甘和茶
455,善存银片
456,回心康片
457,美沙拉秦缓释颗粒剂
458,地红霉素肠溶片
459,异氟烷
460,注射用布美他尼
461,糠酸莫米松乳膏
462,氨酪酸片
463,宁神灵颗粒
464,普卢利沙星胶囊
465,血府逐瘀丸
466,二十五味珊瑚胶囊
467,小儿奇应丸
468,双环醇片
469,盐酸氨溴索分散片
470,(奥松)肚痛泻丸
471,当飞利肝宁片
472,石杉碱甲片
473,苦参碱氯化钠注射液
474,补中益气丸(浓缩丸)
475,C14～24
476,复方右旋糖酐70滴眼液
477,祛痰止咳胶囊
478,复方大红袍止血片
479,阿托品异丙嗪注射液
480,克拉霉素干混悬剂
481,卡莫司汀注射液
482,宁心宝胶囊
483,复方炉甘石外用散
484,补中益气合剂
485,无极膏
486,注射用复合辅酶
487,注射用转移因子
488,甘露六烟酯片
489,果糖二磷酸钙片
490,倍他米松乳膏
491,氟康唑颗粒
492,复方酮康唑软膏
493,荣心丸
494,富马酸亚铁胶囊
495,活血解毒丸
496,枯草杆菌二联活菌颗粒
497,平消片
498,复方硫酸氢黄连素软膏
499,马栗种子提取物片
500,小儿复方氨基酸注射液(18AA-Ⅰ)
501,温胃舒胶囊
502,盐酸伐昔洛韦片
503,气血和胶囊
504,弹性酶肠溶片
505,归芍活血胶囊
506,醋酸甲羟孕酮片
507,四季三黄片
508,注射用盐酸克林霉素
509,伊曲康唑口服液
510,注射用盐酸头孢吡肟
511,曲克芦丁片
512,参花消渴茶
513,复方黄松洗液
514,醋酸曲安奈德尿素软膏
515,富马酸替诺福韦二吡呋酯片
516,化积口服液
517,盐酸环丙沙星片
518,止血宁胶囊
519,苄达赖氨酸滴眼液
520,兰索拉唑肠溶片
521,风湿定胶囊
522,醋酸氟轻松冰片乳膏
523,痤疮软膏
524,复方骨肽注射液
525,萘敏维滴眼液
526,四季抗病毒胶囊
527,蛤蚧定喘丸
528,妥布霉素眼膏
529,小儿解表止咳口服液
530,复方氟尿嘧啶口服溶液
531,益脉康分散片
532,乙酰谷酰胺注射液
533,毛冬青胶囊
534,遗尿停胶囊
535,重组牛碱性成纤维细胞生长因子眼用凝胶
536,肌苷注射液
537,右旋酮洛芬氨丁三醇片
538,注射用生长抑素
539,盐酸金刚乙胺口服溶液
540,吉他霉素片
541,盐酸班布特罗胶囊
542,小儿石蔻散
543,异甘草酸镁注射液
544,日舒安洗液
545,妇炎舒片
546,复方薄荷脑软膏
547,复方片仔癀软膏
548,顽癣净
549,脑血康胶囊
550,健身全鹿丸
551,维生素A棕榈酸酯眼用凝胶
552,布洛芬凝胶
553,沉香十七味丸
554,巴特日七味丸
555,洛伐他汀胶囊
556,西罗莫司片
557,清肺散结丸
558,乳癖消胶囊
559,伤湿解痛膏
560,清热散结片
561,阿咖酚散
562,便秘通软膏
563,喉症丸
564,通宣理肺丸
565,注射用奥沙利铂
566,复方红根草片
567,蹄甲多肽片
568,罗红霉素片
569,注射用哌拉西林钠他唑巴坦钠
570,十五味黑药胶囊
571,复方石韦胶囊
572,茶新那敏片
573,醋酸甲羟孕酮分散片
574,氯解磷定注射液
575,降脂通便胶囊
576,苯西卤铵乳膏
577,穿心莲内酯片
578,妇科调经颗粒
579,千柏鼻炎片
580,酮洛芬肠溶胶囊
581,阿胶益寿口服液
582,眼氨肽注射液
583,醋酸氟轻松乳膏
584,利巴韦林胶囊
585,甲苯磺酸妥舒沙星片
586,他达拉非片
587,除脂生发片
588,复方莪术油栓
589,盐酸阿扑吗啡舌下片
590,石斛夜光丸
591,止血宁片
592,金叶滴眼剂
593,注射用鲑降钙素
594,根痛平片
595,复合维生素B片
596,萘普生分散片
597,补中益气口服液
598,注射用胸腺肽
599,黄藤素片
600,十三味红花丸
601,肝维康片
602,速效止泻胶囊
603,塞克硝唑片
604,西瓜霜润喉片
605,盐酸奈福泮片
606,盐酸奥布卡因凝胶
607,布地奈德气雾剂
608,抗饥消渴片
609,硒酵母片
610,消栓通络片
611,食道平散
612,金花消痤丸
613,盐酸纳洛酮注射液
614,头孢地尼分散片
615,鼻通宁滴剂
616,胆石利通片
617,双蚁祛湿通络胶囊
618,螺内酯胶囊
619,注射用硫酸长春新碱
620,巴曲酶注射液
621,麦角隐亭咖啡因口服液
622,玫芦消痤膏
623,大活络丸
624,通便灵胶囊
625,灭菌结晶磺胺
626,辛伐他汀片
627,柴胡注射液
628,枣参安神胶囊
629,盐酸仑氨西林片
630,胸腺五肽注射液
631,金鸡颗粒
632,抱龙丸
633,甲磺酸倍他司汀片
634,康妇炎胶囊
635,附桂骨痛胶囊
636,养阴清肺丸
637,左羟丙哌嗪分散片
638,妇科止带片
639,刺五加脑灵胶囊
640,复方血栓通片
641,夏天无胶囊
642,双氯芬酸钠肠溶胶囊
643,复方樟脑乳膏
644,林可霉素利多卡因凝胶
645,双黄消炎片
646,小儿乳酸菌素片
647,妇炎康复咀嚼片
648,盐酸氟桂利嗪胶囊
649,积雪苷胶囊
650,乳酸左氧氟沙星氯化钠注射液
651,六味能消片
652,氟氯西林钠胶囊
653,解郁安神颗粒
654,消瘀康胶囊
655,舒肝颗粒
656,腰痛片
657,普拉洛芬滴眼液
658,2∶1
659,细辛脑片
660,活血通脉胶囊
661,鼻渊片
662,吗替麦考酚酯片
663,上清胶囊
664,心可舒颗粒
665,鞣酸加压素注射液
666,盐酸非索非那定片
667,酮洛芬凝胶
668,pH4
669,盐酸多塞平片
670,参苓白术散
671,盐酸拓扑替康胶囊
672,呋塞米片
673,丹杞颗粒
674,注射用核糖核酸Ⅱ
675,布美他尼片
676,苦参碱注射液
677,三七血伤宁胶囊
678,复方片仔癀痔疮软膏
679,葡萄糖酸钙口服溶液
680,盐酸乙胺丁醇片
681,心欣舒胶囊
682,硫酸镁葡萄糖注射液
683,洛索洛芬钠胶囊
684,双唑泰栓
685,氟康唑滴眼液
686,夏桑菊颗粒
687,蜂胶片
688,小儿肺热咳喘颗粒
689,甲钴胺注射液
690,甘桔冰梅片
691,注射用盐酸博莱霉素
692,曲伏前列素滴眼液
693,喷托维林氯化铵糖浆
694,注射用鲑鱼降钙素
695,芦笋菠萝蛋白酶胶囊
696,肾炎舒颗粒
697,马来酸噻吗洛尔滴眼液
698,十八味党参丸
699,阿西美辛缓释胶囊
700,短肽型肠内营养剂
701,硝酸咪康唑乳膏
702,断血流片
703,聚卡波非钙片
704,补肾丸
705,小儿至宝丸
706,擦癣药水
707,富马酸酮替芬滴鼻液
708,法莫替丁氯化钠注射液
709,脑苷肌肽注射液
710,甲苯咪唑片
711,八珍片
712,清热解毒颗粒
713,利巴韦林滴眼液
714,高三尖杉酯碱氯化钠注射液
715,苦参软膏
716,司帕沙星片
717,维生素C注射液
718,断血流分散片
719,薄芝糖肽注射液
720,注射用重组人干扰素α2b
721,冻干
722,注射用酒石酸美托洛尔
723,参莲胶囊
724,复方丁香罗勒口服混悬液
725,苯酰甲硝唑胶囊
726,伊来西胺片
727,注射用盐酸吡柔比星
728,十全大补丸
729,养血清脑丸
730,三七活血丸
731,辛伐他汀胶囊
732,盐酸安非他酮缓释片
733,呋噻米片
734,结核丸
735,疏风再造丸
736,羟苯磺酸钙胶囊
737,复方赖氨酸颗粒
738,理气化瘀口服液
739,复方黄藤洗液
740,还原型谷胱甘肽滴眼液
741,吡拉西坦分散片
742,裸花紫珠片
743,骨友灵搽剂
744,活血止痛散
745,肝必复胶囊
746,奥硝唑片
747,保心宁片
748,轻身减肥胶囊
749,消肿片
750,盐酸左旋咪唑丸
751,参芪五味子糖浆
752,脑血康片
753,盐酸帕罗西汀片
754,甘草流浸膏
755,当归龙荟胶囊
756,利可君片
757,甲磺酸左氧氟沙星片
758,维U颠茄铝镁片
759,注射用盐酸尼莫司汀
760,诺氟沙星胶囊
761,夏天无滴眼液
762,红草止鼾胶囊
763,参龙宁心胶囊
764,调经祛斑胶囊
765,冬凌草片
766,氢溴酸加兰他敏分散片
767,复方尿囊素片
768,痛血康胶囊
769,紫草婴儿软膏
770,氟哌啶醇片
771,法莫替丁胶囊
772,乳癖消片
773,血复生胶囊
774,红霉素眼膏
775,枸橼酸西地那非片
776,参梅养胃颗粒
777,产妇安颗粒
778,妇科断红饮胶囊
779,醋酸泼尼松龙注射液
780,云香精
781,金花明目丸
782,宫颈癌栓
783,养心定悸胶囊
784,度米芬含片
785,烟酸片
786,盐酸利托君注射液
787,养肺丸
788,肠炎宁口服液
789,环酯红霉素片
790,金菌灵胶囊
791,雌二醇屈螺酮片
792,氟芬那酸丁酯软膏
793,复方当归注射液
794,酚磺乙胺注射液
795,硫酸锌片
796,硫酸软骨素滴眼液
797,五维B颗粒
798,依卡倍特钠颗粒
799,美他多辛胶囊
800,冰硼咽喉散
801,复方硝酸溶液
802,烟酸肌醇酯片
803,糠甾醇片
804,替硝唑氯化钠注射液
805,乳酸菌素片
806,聚甲酚磺醛栓
807,多酶片
808,头孢羟氨苄片
809,七叶洋地黄双苷滴眼液
810,鲑鱼降钙素鼻喷剂
811,京万红痔疮膏
812,消肿止痛酊
813,盐酸乐卡地平片
814,泽桂癃爽胶囊
815,头孢泊肟酯干混悬剂
816,散结灵胶囊
817,头孢氨苄甲氧苄啶片
818,格列吡嗪分散片
819,阿魏酸钠注射液
820,肾上腺色腙片
821,氨酪酸注射液
822,注射用重组人生长激素
823,双氯芬酸钠肠溶片
824,健宝灵颗粒
825,盐酸环丙沙星滴眼液
826,硝酸布康唑阴道乳膏
827,氟伐他汀钠胶囊
828,抗妇炎胶囊
829,酚磺乙胺氯化钠注射液
830,痔疮胶囊
831,硫酸氢氯吡格雷片
832,新霉素氟轻松乳膏
833,右旋布洛芬口服混悬液
834,金酸萍糖浆
835,退障眼膏
836,非诺贝特胶囊
837,三磷酸腺苷二钠片
838,脑得生片
839,注射用过氧化碳酰胺
840,盐酸多西环素胶囊
841,甘油果糖注射液
842,维胺酯维E乳膏
843,盐酸卡替洛尔滴眼液
844,盐酸米多君片
845,通络生骨胶囊
846,两性霉素B阴道泡腾片
847,复方溴咖片
848,丙酸氟替卡松鼻喷雾剂
849,益肝乐胶囊
850,尿素软膏
851,复方枸橼酸铁铵糖浆
852,天麻胶囊
853,小儿复方磺胺甲噁唑颗粒
854,四维他胶囊
855,换骨丸
856,止痒消炎水
857,疤痕止痒软化乳膏
858,硫酸奈替米星注射液
859,脑血康丸
860,千里光片
861,八宝拨云散
862,IV
863,骨苓通痹丸
864,乌蛇止痒丸
865,十五味赛尔斗丸
866,保胎无忧散
867,赖氨酸维B12颗粒
868,注射用硫酸镁
869,复方苦木消炎分散片
870,伊维菌素片
871,生尔发糖浆
872,活力源片
873,妇炎净片
874,苯扎贝特片
875,环孢素口服溶液
876,倍他胡萝卜素胶丸
877,倍芪腹泻贴
878,急支糖浆
879,阿奇霉素肠溶片
880,盐酸多柔比星注射液
881,盐酸苯海拉明片
882,喷昔洛韦乳膏
883,丁苯羟酸乳膏
884,藤黄健骨丸
885,赛霉安乳膏
886,姜酚胶丸
887,益坤宁片
888,替加氟注射液
889,注射用丝裂霉素
890,保胎无忧胶囊
891,注射用硫酸头孢匹罗
892,虎标万金油
893,三维钙片
894,八珍益母丸
895,肾炎安胶囊
896,米非司酮片
897,甘草锌胶囊
898,胆石清片
899,蒲地蓝消炎口服液
900,维胺酯胶囊
901,羧甲司坦片
902,氯唑沙宗片
903,复方乳酸乳膏
904,柏子养心丸
905,消炎片
906,利胆排石片
907,镇痫片
908,骨化三醇胶丸
909,盐酸二甲双胍肠溶片
910,祛斑调经胶囊
911,阿仑膦酸钠片
912,川贝清肺糖浆
913,血塞通片
914,葫芦素片
915,珍香胶囊
916,云南花粉片
917,减肥胶囊
918,天芝草胶囊
919,重组人干扰素α2b注射液
920,利肺胶囊
921,解郁丸
922,复方氢氧化铝片
923,足光散
924,脉络宁口服液
925,安眠补脑口服液
926,止血宝片
927,八宝五胆药墨
928,双唑泰泡腾片
929,肝毒净颗粒
930,对乙酰氨基酚片
931,齐墩果酸片
932,千金止带丸
933,成人装
934,盐酸倍他洛尔滴眼液
935,硫酸西索米星注射液
936,健胃固肠散
937,复方铝酸铋颗粒
938,TPF-FOS
939,小儿肺咳颗粒
940,泽桂癃爽片
941,复方硫酸亚铁叶酸片
942,罗汉果止咳糖浆
943,西达本胺片
944,藿香正气片
945,乳块消胶囊
946,清肺抑火片
947,前列康舒胶囊
948,生发丸
949,精制狗皮膏
950,消石利胆胶囊
951,盐酸阿米替林片
952,复方川芎吲哚美辛胶囊
953,四君子颗粒
954,樟脑醑
955,赖氨肌醇维B12口服溶液
956,苦柏止痒洗液
957,复方斯亚旦生发酊
958,暖宫孕子片
959,羚羊感冒片
960,通脉片
961,枸橼酸钾缓释片
962,碳酸氢钠注射液
963,醋甲唑胺片
964,荣发胶囊
965,注射用头孢唑林钠
966,肠内营养混悬液(SP)
967,感冒清热颗粒
968,酒石酸托特罗定胶囊
969,盐酸氮芥酊
970,5-氨基水杨酸肠溶片
971,桂利嗪片
972,注射用硫酸核糖霉素
973,痫愈胶囊
974,9AA
975,氯氮平片
976,替普瑞酮胶囊
977,益脑宁片
978,复方蛋氨酸胆碱片
979,热毒宁注射液
980,妇康宝颗粒
981,8-11
982,十味龙胆花颗粒
983,无敌药酒
984,关节止痛膏
985,麒麟丸
986,氧化樟脑注射液
987,醋酸去氨加压素片
988,小儿化毒散
989,阿昔洛韦胶囊
990,注射用头孢曲松钠
991,肾石通颗粒
992,金钱草颗粒
993,碳酸锂片
994,脑血康口服液
995,甜梦胶囊
996,阿胶
997,止咳片
998,愈风宁心胶囊
999,甲氨蝶呤片
1000,天王补心丸
1001,金菊五花茶颗粒
1002,盐酸丁咯地尔注射液
1003,复方天仙胶囊
1004,喉康散
1005,盐酸依匹斯汀片
1006,盐酸丁卡因注射液
1007,体外培育牛黄
1008,门冬氨酸钙口服溶液
1009,九味健肾胶囊
1010,十香丸
1011,轻身消胖丸
1012,大豆磷脂散
1013,金栀洁龈含漱液
1014,叶金排石胶囊
1015,胱氨酸片
1016,氢溴酸加兰他敏注射液
1017,双氯芬酸二乙胺凝胶
1018,藿香祛暑软胶囊
1019,注射用米卡芬净钠
1020,醋酸泼尼松片
1021,细辛脑胶囊
1022,水飞蓟宾胶囊
1023,过氧苯甲酰凝胶
1024,百癣夏塔热片
1025,酚氨咖敏颗粒
1026,抑亢散
1027,注射用重组人白介素-2
1028,银黄颗粒
1029,复方双花口服液
1030,静注人免疫球蛋白(pH4)
1031,十八味诃子利尿胶囊
1032,左乙拉西坦片
1033,双橘颗粒
1034,复方消旋山莨菪碱滴眼液
1035,盐酸多奈哌齐片
1036,苯妥英钠片
1037,石膏二十五味散
1038,复方吡拉西坦脑蛋白水解物片
1039,卡马西平片
1040,九味益脑颗粒
1041,注射用盐酸硫必利
1042,维B1乳酸钙片
1043,复方猴头颗粒
1044,伊曲康唑颗粒
1045,三维B片
1046,妇炎康分散片
1047,芪苈强心胶囊
1048,伊曲康唑注射液
1049,胶体果胶铋胶囊
1050,复方电解质葡萄糖R2A注射液
1051,注射用胞磷胆碱钠肌苷
1052,参术儿康糖浆
1053,乳块消糖浆
1054,小儿咳喘灵口服液
1055,健脾止遗片
1056,红霉素软膏
1057,橘红痰咳颗粒
1058,鹿胎胶囊
1059,益脉康软胶囊
1060,保儿安颗粒
1061,盐酸丙卡特罗片
1062,参归生发酊
1063,银杏叶提取物滴剂
1064,乳结泰胶囊
1065,强筋健骨胶囊
1066,痔疮片
1067,健脾生血片
1068,尼莫地平软胶囊
1069,益心酮片
1070,妇肤康喷雾剂
1071,异维A酸胶丸
1072,颈痛颗粒
1073,注射用氨酪酸
1074,注射用盐酸丁卡因
1075,盐酸洛美沙星分散片
1076,脾氨肽口服冻干粉
1077,润肠通秘茶
1078,磺胺嘧啶片
1079,妇科养荣丸
1080,宫瘤宁胶囊
1081,肾石通丸
1082,注射用肌氨肽苷
1083,猴头菌提取物颗粒
1084,注射用重组人绒促性素
1085,盐酸氟西汀分散片
1086,沙利度胺片
1087,银屑颗粒
1088,吗替麦考酚酯分散片
1089,羟基脲片
1090,重组人表皮生长因子滴眼液
1091,阿奇霉素分散片
1092,抗骨髓炎片
1093,外用重组人碱性成纤维细胞生长因子
1094,裸花紫珠分散片
1095,复方磺胺甲噁唑口服混悬液
1096,健儿糖浆
1097,多糖蛋白片
1098,经血宁胶囊
1099,阿卡波糖胶囊
1100,复方菠萝蛋白酶肠溶片
1101,甲亢灵胶囊
1102,加替沙星滴眼液
1103,菖麻熄风片
1104,盐酸伐昔洛韦缓释片
1105,盐酸哌甲酯片
1106,血脂平胶囊
1107,接骨片
1108,缩泉胶囊
1109,感冒清胶囊
1110,紫杉醇注射液
1111,盐酸普罗帕酮片
1112,黄连上清丸
1113,口服五维葡萄糖
1114,寒痹停片
1115,愈风宁心片
1116,金蚧片
1117,吲哚美辛软膏
1118,盐酸依匹斯汀胶囊
1119,眼氨肽滴眼液
1120,特灵眼药
1121,阿奇霉素软胶囊
1122,醋酸可的松片
1123,亮菌口服溶液
1124,麝香抗栓丸
1125,拨云眼膏
1126,注射用头孢呋辛钠
1127,右旋糖酐20葡萄糖注射液
1128,阿莫西林舒巴坦匹酯片
1129,地高辛片
1130,清胰利胆颗粒
1131,芦丁片
1132,氯化氨基汞软膏
1133,养肝胶囊
1134,愈裂贴膏
1135,阿伐斯汀胶囊
1136,翁沥通颗粒
1137,妇炎康复胶囊
1138,荆菊感冒片
1139,注射用重组人干扰素α1b
1140,双花草珊瑚含片
1141,鹤蟾片
1142,尼美舒利胶囊
1143,益心丸
1144,醋酸氯己定栓
1145,腋臭粉
1146,养阴清肺口服液
1147,倍他米松片
1148,大败毒胶囊
1149,三合钙咀嚼片
1150,甲磺酸阿帕替尼片
1151,宁心益智胶囊
1152,盐酸肾上腺素注射液
1153,注射用盐酸多柔比星
1154,氢溴酸山莨菪碱片
1155,盐酸班布特罗片
1156,注射用普罗碘铵
1157,复方碳酸钙颗粒
1158,芪麝丸
1159,枣仁安神颗粒
1160,八珍颗粒
1161,健阳片
1162,氧氟沙星滴眼液
1163,金振口服液
1164,复方α-酮酸片
1165,肿节风胶囊
1166,清热安宫丸
1167,低分子肝素钠注射液
1168,西吡氯铵含漱液
1169,鲜竹沥
1170,黄体酮注射液
1171,乳核散结片
1172,红金消结浓缩丸
1173,毛冬青片
1174,腰息痛胶囊
1175,灯盏花素片
1176,枸橼酸莫沙必利分散片
1177,麝香抗栓胶囊
1178,吡诺克辛滴眼液
1179,冠脉宁片
1180,二十五味马宝丸
1181,盐酸氨溴索葡萄糖注射液
1182,参芪升阳补血胶囊
1183,利巴韦林含片
1184,净石灵片
1185,追风舒经活血片
1186,苯磺贝他斯汀片
1187,醋酸氢化可的松片
1188,乙酰麦迪霉素干混悬剂
1189,托伐普坦片
1190,板蓝根注射液
1191,盐酸溴己新片
1192,复方苁蓉补肾合剂
1193,复方氨酚烷胺胶囊
1194,米非司酮胶囊
1195,头孢羟氨苄颗粒
1196,精制冠心颗粒
1197,复方铝酸铋片
1198,血宁片
1199,熊胆粉
1200,盐酸克林霉素氯化钠注射液
1201,双醋瑞因胶囊
1202,双氯芬酸二乙胺乳胶剂
1203,甲磺酸双氢麦角毒碱片
1204,抗病毒口服液
1205,注射用更昔洛韦
1206,腰痹通胶囊
1207,己酮可可碱缓释片
1208,枯草杆菌二联活菌肠溶胶囊
1209,阿那日十四味散
1210,右旋布洛芬片
1211,鲜益母草胶囊
1212,蚓激酶肠溶胶囊
1213,风油精
1214,青鹏软膏
1215,汉防己甲素注射液
1216,硝酸咪康唑栓
1217,杏香兔耳风胶囊
1218,施保利通片
1219,对乙酰氨基酚口服溶液
1220,乳癖清胶囊
1221,硝酸甘油软膏
1222,氢溴酸加兰他敏缓释片
1223,白带丸
1224,肠内营养混悬液(TPF)
1225,五子衍宗片
1226,仲景胃灵胶囊
1227,门冬胰岛素30注射液
1228,口服葡萄糖
1229,复方蒲芩胶囊
1230,口腔炎喷雾剂
1231,桂枝茯苓胶囊
1232,锡类散
1233,复方氟米松软膏
1234,小儿清解颗粒
1235,盐酸硫必利氯化钠注射液
1236,双氯芬酸钠缓释胶囊
1237,安胃胶囊
1238,地巴唑片
1239,盐酸芦氟沙星胶囊
1240,美辛唑酮红古豆醇酯栓
1241,吲哚美辛贴片
1242,地塞米松磷酸钠滴眼液
1243,沙溪金菊五花茶颗粒
1244,参皇软膏
1245,阿魏化痞膏
1246,炎宁颗粒
1247,胎宝胶囊
1248,精蛋白锌胰岛素注射液(30R)
1249,复方延胡索喷雾剂
1250,注射用氢化可的松琥珀酸钠
1251,龙胆泻肝丸
1252,鲑降钙素注射液
1253,喘嗽宁片
1254,吉祥安坤丸
1255,前列地尔注射液
1256,乌拉地尔缓释片
1257,吲哚美辛肠溶片
1258,鸿茅药酒
1259,降脂灵片
1260,鱼腥草素钠片
1261,清咽片
1262,布洛芬缓释胶囊
1263,独一味片
1264,注射用门冬酰胺酶
1265,洛芬待因缓释片
1266,龙珠软膏
1267,骨痛灵酊
1268,地牡宁神口服液
1269,注射用英夫利西单抗
1270,匹伐他汀钙片
1271,固肠胶囊
1272,固肾合剂
1273,复方酮康唑发用洗剂
1274,维生素AE胶丸
1275,维肝福泰片
1276,甜梦口服液
1277,坤泰胶囊
1278,匹维溴铵片
1279,诺氟沙星片
1280,盐酸伐地那非片
1281,多烯磷脂酰胆碱胶囊
1282,肥儿丸
1283,格列吡嗪片
1284,单硝酸异山梨酯胶囊
1285,冻干重组人脑利钠肽
1286,小儿感冒颗粒
1287,头孢地尼胶囊
1288,复方丹参片
1289,盐酸头孢他美酯片
1290,盐酸消旋山莨菪碱注射液
1291,复方紫参颗粒
1292,醋酸甲地孕酮片
1293,冠心康胶囊
1294,龙牡壮骨颗粒
1295,心脑清软胶囊
1296,参倍固肠胶囊
1297,清热化毒丸
1298,克林霉素磷酸酯注射液
1299,复方曲安奈德乳膏
1300,连翘败毒丸
1301,儿宝颗粒
1302,烧伤肤康液
1303,安络痛胶囊
1304,克林霉素甲硝唑搽剂
1305,小牛血去蛋白提取物滴眼液
1306,颐和春胶囊
1307,盐酸硫必利片
1308,注射用卡络磺钠
1309,金牛眼药
1310,吡诺克辛钠滴眼液
1311,血塞通软胶囊
1312,复方甲苯咪唑片
1313,产妇安胶囊
1314,糠酸莫米松凝胶
1315,司莫司汀胶囊
1316,注射用头孢美唑钠
1317,米格列醇片
1318,风痛灵
1319,红霉素肠溶微丸胶囊
1320,脑脉泰胶囊
1321,甲硝唑葡萄糖注射液
1322,小牛脾提取物注射液
1323,珍珠层粉
1324,丝白祛斑软膏
1325,注射用托拉塞米
1326,马来酸氟伏沙明片
1327,盐酸氨溴索胶囊
1328,胆炎康胶囊
1329,内消瘰疬片
1330,曲安奈德注射液
1331,软皂
1332,维生素E烟酸酯胶囊
1333,左金丸
1334,力加寿片
1335,紫龙金片
1336,肝素钠乳膏
1337,利多卡因氯己定气雾剂
1338,防风通圣颗粒
1339,18注射液
1340,小儿敷脐止泻散
1341,注射用重组人干扰素β-1b
1342,妇乐冲剂
1343,曲克芦丁氯化钠注射液
1344,聚苯乙烯磺酸钙散
1345,氨甲环酸氯化钠注射液
1346,参芪健胃颗粒
1347,风湿圣药胶囊
1348,婴儿健脾散
1349,醋酸曲安奈德尿素乳膏
1350,板蓝根软胶囊
1351,生力雄丸
1352,八正合剂
1353,百合固金片
1354,炎琥宁氯化钠注射液
1355,磷酸奥司他韦胶囊
1356,银芩胶囊
1357,注射用头孢噻肟钠
1358,21
1359,斧标驱风油
1360,白癜风丸
1361,小儿五维赖氨酸糖浆
1362,水牛角浓缩粉
1363,注射用阿洛西林钠
1364,注射用盐酸利托君
1365,尼麦角林胶囊
1366,积雪苷霜软膏
1367,冻疮消酊
1368,TP-MCT
1369,宫瘤清胶囊
1370,尼可地尔片
1371,清脑降压胶囊
1372,通窍耳聋丸
1373,整蛋白型肠内营养剂(粉剂)
1374,宫颈癌片
1375,假单胞菌
1376,盐酸伐昔洛韦胶囊
1377,养血当归糖浆
1378,注射用胸腺五肽
1379,盐酸林可霉素胶囊
1380,疤痕止痒软化膏
1381,外搽白灵酊
1382,汉防己甲素片
1383,复方胚肝铁铵片
1384,祛痰止咳颗粒
1385,注射用盐酸多西环素
1386,阿达帕林凝胶
1387,噻托溴铵粉雾剂
1388,明目蒺藜丸
1389,小儿化毒胶囊
1390,甲硝唑乳膏
1391,速效牙痛宁酊
1392,酞丁安乳膏
1393,戊酸雌二醇片
1394,盐酸洛美沙星眼用凝胶
1395,阿昔洛韦分散片
1396,越鞠保和丸
1397,司帕沙星分散片
1398,拉坦前列素滴眼液
1399,健脾补血片
1400,脑灵素胶囊
1401,注射用己酮可可碱
1402,芪丹通络颗粒
1403,盐酸利多卡因注射液
1404,盐酸左氧氟沙星滴眼液
1405,金嗓散结片
1406,加味青娥丸
1407,金水宝胶囊
1408,硫酸亚铁缓释片
1409,斑秃丸
1410,仁青芒觉
1411,阿德福韦酯片
1412,利培酮片
1413,化瘀祛斑胶囊
1414,阿奇霉素片
1415,红草止鼾颗粒
1416,消炎退热颗粒
1417,玉屏风口服液
1418,甲硫酸新斯的明注射液
1419,宫炎平滴丸
1420,暖宫孕子丸
1421,氯雷他定胶囊
1422,救急散
1423,尼古丁咀嚼胶
1424,乙胺嘧啶片
1425,接骨丸
1426,富马酸酮替芬分散片
1427,乙氧苯柳胺软膏
1428,潞党参膏滋
1429,大蒜素胶囊
1430,胃康胶囊
1431,心脑健胶囊
1432,银杏叶提取物片
1433,活血壮筋胶囊
1434,胰激肽原酶肠溶片
1435,加替沙星片
1436,粉尘螨滴剂
1437,舒心降脂片
1438,口服补液盐散(Ⅱ)
1439,九味熄风颗粒
1440,十一酸睾酮胶丸
1441,小儿清肺止咳片
1442,三磷酸腺苷二钠注射液
1443,注射用香菇多糖
1444,麦味地黄口服液
1445,奥松肚痛泻丸
1446,呋喃硫胺片
1447,吡罗昔康软膏
1448,小儿脐风散
1449,熊胆开明片
1450,西黄胶囊
1451,柳氮磺吡啶栓
1452,盐酸克林霉素胶囊
1453,依帕司他胶囊
1454,海马巴戟胶囊
1455,盐酸溴己新葡萄糖注射液
1456,23
1457,保胎丸
1458,盐酸洛美沙星滴耳液
1459,脑络通胶囊
1460,阿替洛尔片
1461,归脾丸
1462,无糖型
1463,阿莫西林克拉维酸钾分散片
1464,蛇胆陈皮片
1465,盐酸西替利嗪滴剂
1466,心律宁片
1467,补中益气膏
1468,125Ser
1469,注射用高三尖杉酯碱
1470,止泻颗粒
1471,氯霉素胶囊
1472,滴耳油
1473,盐酸氨溴索注射液
1474,参南星口服液
1475,伊血安颗粒
1476,京万红软膏
1477,尿清舒颗粒
1478,盐酸氨溴索口腔崩解片
1479,头孢拉定胶囊
1480,依托红霉素颗粒
1481,阿胶补血膏
1482,龙鹿胶囊
1483,硫酸氨基葡萄糖片
1484,血府逐瘀片
1485,前列舒乐片
1486,烟酰胺片
1487,仙蟾片
1488,TPF
1489,一清胶囊
1490,奋乃静片
1491,脉管复康胶囊
1492,小儿消咳片
1493,葡萄糖酸钙锌口服溶液
1494,甲磺酸二氢麦角碱缓释胶囊
1495,龙鹿丸
1496,卤米松乳膏
1497,马蔺子素胶囊
1498,注射用盐酸溴己新
1499,呱西替柳干混悬剂
1500,叶绿素铜钠片
1501,晕可平糖浆
1502,脑安滴丸
1503,重组人干扰素α-2b注射液
1504,清凉油
1505,注射用尿促卵泡素
1506,参芪首乌补汁
1507,天蚕片
1508,地诺前列酮栓
1509,雷公藤多甙片
1510,转化糖注射液
1511,王氏保赤丸
1512,凉血解毒颗粒
1513,复方肝素钠尿囊素凝胶
1514,脑血康滴丸
1515,重组人干扰素α2а栓
1516,香菇多糖片
1517,云南白药
1518,聚甲酚磺醛溶液
1519,克拉霉素片
1520,吗替麦考酚酯胶囊
1521,拉坦噻吗滴眼液
1522,注射用硫酸链霉素
1523,布洛芬颗粒
1524,甲氨蝶呤注射液
1525,碳酸锂缓释片
1526,苯噻啶片
1527,补中益气片
1528,癫痫宁片
1529,牛痘疫苗致炎兔皮提取物注射液
1530,氟米龙滴眼液
1531,耳聋通窍丸
1532,双红活血胶囊
1533,氢溴酸东莨菪碱注射液
1534,加味逍遥胶囊
1535,川贝枇杷糖浆
1536,卡托普利片
1537,乳康片
1538,复方甘草酸苷胶囊
1539,琥乙红霉素颗粒
1540,抗痨颗粒
1541,硫酸羟氯喹片
1542,消疲灵颗粒
1543,参苓白术片
1544,注射用头孢尼西钠
1545,小儿盐酸赖氨酸颗粒
1546,脑乐静口服液
1547,咳特灵片
1548,十全大补膏
1549,脱氧核苷酸钠片
1550,牛黄解毒片
1551,齿痛消炎灵颗粒
1552,果糖二磷酸钠注射液
1553,注射用单磷酸阿糖腺苷
1554,三余神曲
1555,单唾液酸四已糖神经节苷脂钠注射液
1556,西帕依固龈液
1557,萘丁美酮胶囊
1558,消朦胶囊
1559,氟尿嘧啶乳膏
1560,注射用左卡尼汀
1561,紫雪
1562,葛根素注射液
1563,维血康颗粒
1564,复方氨酚烷胺片
1565,艾迪注射液
1566,通脉口服液
1567,盐酸替利定口服溶液
1568,阿咖片
1569,替硝唑片
1570,三蛇胆川贝糖浆
1571,妥布霉素地塞米松滴眼液
1572,妇炎清洗剂
1573,茵山莲颗粒
1574,开塞露
1575,乌鸡桂圆养血口服液
1576,五维他口服溶液
1577,盐酸左卡巴斯汀鼻喷雾剂
1578,胰胆舒胶囊
1579,医痫丸
1580,蒲地蓝消炎片
1581,五氟利多片
1582,感冒咳嗽颗粒
1583,牛黄上清片
1584,萘哌地尔胶囊
1585,醋酸泼尼松龙滴眼液
1586,拉莫三嗪片
1587,扶正康颗粒
1588,千喜胶囊
1589,盐酸克林霉素棕榈酸酯干混悬剂
1590,复方肝水解物片
1591,清凉止痒搽剂
1592,注射用硝卡芥
1593,复方二氯醋酸二异丙胺片
1594,萘普生片
1595,尿塞通片
1596,康妇消炎栓
1597,大七厘片
1598,吡罗昔康片
1599,胞磷胆碱钠胶囊
1600,结石通茶
1601,血塞通注射液
1602,止痛化癥胶囊
1603,秋水仙碱片
1604,生理氯化钠溶液
1605,红花逍遥胶囊
1606,复方牛胎肝提取物片
1607,栀子金花丸
1608,麝香镇痛膏
1609,康媛颗粒
1610,小牛血去蛋白提取物眼用凝胶
1611,头孢克肟分散片
1612,云芝肝泰胶囊
1613,利胆石颗粒
1614,榄香烯口服乳
1615,甲硝唑氯己定洗剂
1616,仙鹿口服液
1617,温经活血片
1618,鼻咽清毒颗粒
1619,硝酸益康唑乳膏
1620,康力欣胶囊
1621,依诺沙星滴眼液
1622,当归苦参丸
1623,18AA-Ⅰ
1624,乳酸钠林格注射液
1625,青蒿琥酯阿莫地喹片
1626,肌苷片
1627,依诺沙星乳膏
1628,复方石韦颗粒
1629,泛酸钙片
1630,四环素软膏
1631,羚羊角散
1632,甘草酸二铵胶囊
1633,妇炎康软胶囊
1634,注射用盐酸头孢替安
1635,依托泊苷软胶囊
1636,伊曲康唑分散片
1637,前列欣胶囊
1638,乙肝清热解毒胶囊
1639,珍珠末
1640,加味逍遥丸
1641,小儿硫酸亚铁糖浆
1642,丹皮酚软膏
1643,碘酊
1644,肝爽颗粒
1645,马来酸氟吡汀胶囊
1646,盐酸丙哌维林片
1647,复方甘铋镁片
1648,骨刺片
1649,盐酸洛美沙星胶囊
1650,温胃舒颗粒
1651,柏栀祛湿洗液
1652,复方丁香开胃贴
1653,当归龙荟片
1654,对乙酰氨基酚颗粒
1655,双嘧达莫片
1656,盐酸氯米帕明片
1657,硫酸妥布霉素注射液
1658,维生素C钠胶囊
1659,骨疏康颗粒
1660,培坤丸
1661,断血流滴丸
1662,去痛片
1663,维生素E、C颗粒
1664,红花清肝十三味丸
1665,雪胆素胶囊
1666,盐酸二氧丙嗪片
1667,肾衰宁胶囊
1668,注射用氨甲环酸
1669,还少丹
1670,七厘胶囊
1671,对乙酰氨基酚栓
1672,注射用环磷酰胺
1673,丙酸倍氯米松乳膏
1674,马来酸曲美布汀片
1675,尼麦角林片
1676,盐酸丁咯地尔片
1677,洛索洛芬钠片
1678,氨溴特罗口服溶液
1679,氧氟沙星片
1680,菠萝蛋白酶肠溶片
1681,参灵通络胶囊
1682,香砂养胃丸
1683,益气养血口服液
1684,复方青黛丸
1685,长春胺缓释胶囊
1686,板蓝根滴丸
1687,裸花紫珠胶囊
1688,琥珀消石颗粒
1689,盐酸四环素醋酸可的松眼膏
1690,二十五味绿绒蒿丸
1691,骨刺消痛胶囊
1692,茵栀黄颗粒
1693,骨刺宁片
1694,降糖舒胶囊
1695,丙酸氟替卡松乳膏
1696,舒筋通络颗粒
1697,益肝灵滴丸
1698,注射用硫代硫酸钠
1699,调元大补二十五味汤散
1700,参松养心胶囊
1701,丹参片
1702,去氧氟尿苷片
1703,森林脑炎灭活疫苗
1704,注射用盐酸氨溴索
1705,抗栓胶囊
1706,十全大补酒
1707,牛黄清心丸
1708,益脉康片
1709,恩替卡韦分散片
1710,甘露聚糖肽口服溶液
1711,升提胶囊
1712,冠心丸
1713,达那唑软胶囊
1714,转移因子胶囊
1715,可溶性纤维素钠贴膏
1716,莫匹罗星软膏
1717,复方片仔癀含片
1718,复方水杨酸樟碘溶液Ⅰ
1719,鱼肝油
1720,腰痛宁胶囊
1721,苏黄止咳胶囊
1722,甲硝唑口腔粘贴片
1723,盐酸伊达比星胶囊
1724,盐酸特比萘芬凝胶
1725,儿童装
1726,拨云散眼药
1727,大枫子油
1728,马洛替酯缓释片
1729,肠内营养乳剂(TP)
1730,七十味珍珠丸
1731,消痔灵注射液
1732,小儿维生素咀嚼片
1733,鸡胚细胞
1734,抗骨质增生丸
1735,氯化钾注射液
1736,复方甲硝唑阴道栓
1737,甲钴胺胶囊
1738,八味秦皮丸
1739,痔炎消颗粒
1740,胃蛋白酶颗粒
1741,厄贝沙坦片
1742,硫酸氨基葡萄糖胶囊
1743,妇女痛经颗粒
1744,蒺藜药酒
1745,硫酸锌糖浆
1746,格列吡嗪胶囊
1747,生脉饮
1748,甲磺酸伊马替尼胶囊
1749,益母草颗粒
1750,小牛血去蛋白提取物注射液
1751,肝加欣片
1752,头孢妥仑匹酯片
1753,喉疾灵片
1754,盐酸多西环素片
1755,妇科十味胶囊
1756,氯芬黄敏片
1757,复方地蒽酚软膏
1758,抗病毒软胶囊
1759,肾上腺色腙注射液
1760,利胆片
1761,单唾液酸四己糖神经节苷脂钠盐注射液
1762,维生素B6软膏
1763,附桂骨痛颗粒
1764,对氨基水杨酸钙片
1765,阿莫西林克拉维酸钾(4:1)分散片
1766,金嗓散结胶囊
1767,丁细牙痛胶囊
1768,舒心通脉胶囊
1769,林旦乳膏
1770,复合凝乳酶胶囊
1771,回春散
1772,氧氟沙星凝胶
1773,苯甲酸苄酯搽剂
1774,小金丸
1775,鱼石脂软膏
1776,碘解磷定注射液
1777,二天油
1778,小儿止泻灵颗粒
1779,二十六味通经散
1780,复方吲哚美辛酊
1781,睾丸片
1782,巴氯芬片
1783,氟胞嘧啶片
1784,银杏叶片
1785,壳脂胶囊
1786,安脑牛黄片
1787,乙酰唑胺片
1788,黄体酮胶丸
1789,酚咖片
1790,清心沉香八味丸
1791,参归润燥搽剂
1792,骨刺宁胶囊
1793,乳酸亚铁胶囊
1794,维磷葡钙片
1795,武力拔寒散
1796,醋酸可的松滴眼液
1797,咪唑立宾片
1798,雌二醇凝胶
1799,十香暖脐膏
1800,注射用抑肽酶
1801,补金片
1802,注射用头孢他啶
1803,烂积丸
1804,脑力静胶囊
1805,乳宁胶囊
1806,溶菌酶肠溶片
1807,盐酸司来吉兰片
1808,硝酸甘油片
1809,复方阿胶补血膏
1810,西沙必利片
1811,双氯芬酸钠盐酸利多卡因注射液
1812,乳康丸
1813,尼洛替尼胶囊
1814,氧氟沙星滴耳液
1815,吲达帕胺滴丸
1816,化痔栓
1817,格列齐特胶囊
1818,理气舒心片
1819,氟康唑片
1820,木香顺气丸
1821,降脂减肥片
1822,肠泰合剂
1823,痛风舒片
1824,腰腿痛丸
1825,托拉塞米注射液
1826,小儿肠胃康颗粒
1827,五维赖氨酸口服溶液
1828,乌苯美司片
1829,复方黄松湿巾
1830,盐酸丁螺环酮片
1831,注射用六氟化硫微泡
1832,伤科七味片
1833,盐酸左旋咪唑宝塔糖
1834,保胎灵
1835,清肺十八味丸
1836,颈痛片
1837,颠茄口腔崩解片
1838,注射用盐酸罂粟碱
1839,多糖铁复合物胶囊
1840,复方感冒灵颗粒
1841,盐酸多西环素胶丸
1842,吡嘧司特钾片
1843,补肾健骨胶囊
1844,头孢克洛缓释胶囊
1845,三七伤药片
1846,氟尿嘧啶注射液
1847,元和正胃片
1848,丙硫异烟胺肠溶片
1849,去氧氟尿苷胶囊
1850,乙酰半胱氨酸泡腾片
1851,滑膜炎颗粒
1852,伤风停胶囊
1853,胆香鼻炎片
1854,前列舒乐胶囊
1855,玉簪清咽十五味散
1856,碳酸氢钠片
1857,人用狂犬病疫苗(Vero细胞)
1858,乳核内消液
1859,抑眩宁胶囊
1860,盐酸舍曲林分散片
1861,肠多糖片
1862,注射用烟酸占替诺
1863,谷氨酸片
1864,酮洛芬胶囊
1865,葡萄糖酸钙片
1866,磷酸川芎嗪氯化钠注射液
1867,琥乙红霉素片
1868,红芪口服液
1869,莪术油注射液
1870,珍熊胆丸
1871,植物萃取抑菌剂
1872,秘诀清凉散
1873,二十五味獐牙菜丸
1874,福康片
1875,青蒿琥酯片
1876,解毒止泻胶囊
1877,复方天麻蜜环糖肽片
1878,醋酸可的松注射液
1879,己酮可可碱氯化钠注射液
1880,复方大红袍止血胶囊
1881,盐酸舍曲林胶囊
1882,盐酸度洛西汀肠溶胶囊
1883,乙酰螺旋霉素片
1884,赖诺普利片
1885,保妇康栓
1886,复方春砂颗粒
1887,肌醇烟酸酯片
1888,藏青果颗粒
1889,三七脂肝丸
1890,胸腺肽肠溶胶囊
1891,维生素AD滴剂(胶囊型)
1892,盐酸硫必利注射液
1893,注射用青霉素钾
1894,醋酸环丙孕酮片
1895,苹果酸舒尼替尼胶囊
1896,碘化油软胶囊
1897,利鲁唑片
1898,维D2磷酸氢钙片
1899,盐酸美金刚片
1900,消结安胶囊
1901,非那雄胺片
1902,阿莫西林胶囊
1903,至灵菌丝胶囊
1904,15AA
1905,当归调经颗粒
1906,六味地黄丸
1907,复方青橄榄利咽含片
1908,硝苯地平片
1909,洋参保肺胶囊
1910,益肾液
1911,舒神灵胶囊
1912,右旋糖酐铁注射液
1913,小儿豉翘清热颗粒
1914,前列泰片
1915,消癌平口服液
1916,爱活胆通
1917,二维钙赖氨酸片
1918,小儿双解止泻颗粒
1919,玄七通痹胶囊
1920,卵磷脂络合碘片
1921,磷酸川芎嗪片
1922,高三尖杉酯碱注射液
1923,促肝细胞生长素注射液
1924,奥沙普秦肠溶片
1925,清瘟解毒片
1926,氨甲苯酸片
1927,苯甲酸雌二醇注射液
1928,普卢利沙星片
1929,硝苯地平缓释片Ⅰ
1930,泛昔洛韦分散片
1931,安康颗粒
1932,水飞蓟宾葡甲胺片
1933,复方磺胺甲噁唑钠滴眼液
1934,盐酸洛美沙星片
1935,碘化油咀嚼片
1936,和血胶囊
1937,孟鲁司特钠咀嚼片
1938,八味锡类散
1939,丙戊酸钠片
1940,胃乐舒口服液
1941,沙格列汀片
1942,硫酸长春碱注射液
1943,比沙可啶肠溶片
1944,天麻片
1945,甲磺酸阿米三嗪萝巴新片
1946,4:1
1947,利肝隆片
1948,复方金银花颗粒
1949,炔诺酮片
1950,雪山金罗汉止痛涂膜剂
1951,麝香回阳膏
1952,舒肝和胃丸
1953,轻身减肥片
1954,维生素AD滴剂
1955,复方奎宁注射液
1956,白蚀丸
1957,六合维生素丸
1958,复方锌铁钙口服溶液
1959,异维A酸软胶囊
1960,舒筋活血片
1961,黄蒲洁肤洗剂
1962,七鞭回春乐胶囊
1963,奥美沙坦酯片
1964,酒石酸美托洛尔缓释片
1965,祛风止痒口服液
1966,注射用磷霉素钠
1967,脂肪乳注射液[C14-24]
1968,阑尾消炎片
1969,注射用核黄素磷酸钠
1970,金蝉止痒胶囊
1971,解毒烧伤软膏
1972,浓氯化钠注射液
1973,卡铂注射液
1974,荡石片
1975,鼻通丸
1976,拉米夫定胶囊
1977,乳酸左氧氟沙星滴眼液
1978,拉米夫定片
1979,参芪降糖片
1980,妇乐颗粒
1981,复方曲马多片
1982,保胎灵胶囊
1983,甘油果糖氯化钠注射液
1984,参茸卫生丸
1985,十一酸睾酮软胶囊
1986,欧文
1987,熊胆黄芩滴眼液
1988,降糖宁胶囊
1989,小青龙合剂
1990,醋酸阿托西班注射液
1991,心通颗粒
1992,更昔洛韦胶囊
1993,前列泰胶囊
1994,益鼻喷雾剂
1995,磷酸氯喹片
1996,当归拈痛丸
1997,静灵口服液
1998,葡萄糖酸锌口服溶液
1999,安宫牛黄丸
2000,更昔洛韦眼用凝胶
2001,宝宝乐
2002,注射用氯化钾
2003,健肝灵胶囊
2004,降糖舒片
2005,防风通圣丸
2006,麝香狗皮膏
2007,丙戊酸镁片
2008,醋酸泼尼松龙片
2009,溶栓胶囊
2010,硫酸沙丁胺醇片
2011,富马酸亚铁片
2012,地塞米松片
2013,注射用醋酸兰瑞肽
2014,猴头菌片
2015,注射用伏立康唑
2016,恩替卡韦片
2017,梅苏颗粒
2018,娃娃宁泡腾片
2019,苍苓止泻口服液
2020,知柏地黄丸
2021,氯氮平口腔崩解片
2022,葡萄糖注射液
2023,小儿复方鸡内金散
2024,小败毒膏
2025,妇月康胶囊
2026,藿香正气水
2027,十味诃子片
2028,芪蛭降糖片
2029,伏立康唑胶囊
2030,小儿抗痫胶囊
2031,芪珍胶囊
2032,羟丙甲纤维素滴眼液
2033,鸦胆子油口服乳液
2034,螺内酯片
2035,熊去氧胆酸胶囊
2036,维生素B1片
2037,小儿泻止散
2038,注射用醋酸亮丙瑞林微球
2039,和络舒肝胶囊
2040,法罗培南钠胶囊
2041,注射用尿促卵泡激素
2042,安那度尔注射液
2043,三七血伤宁散
2044,健脾补血颗粒
2045,来那度胺胶囊
2046,硫酸阿米卡星注射液
2047,复方金钱草颗粒
2048,景天祛斑片
2049,舒腹贴膏
2050,中风回春胶囊
2051,保妇康凝胶
2052,盐酸小檗碱片
2053,卡维地洛片
2054,杜仲颗粒
2055,润肌皮肤膏
2056,养阴生血合剂
2057,安胎丸
2058,蒲公英颗粒
2059,己烯雌酚片
2060,胃康灵胶囊
2061,顺铂注射液
2062,葡萄糖酸锌片
2063,盐酸左西替利嗪口服溶液
2064,注射用甲磺酸二氢麦角碱
2065,重组人粒细胞刺激因子注射液
2066,固肾安胎丸
2067,曲安奈德氯霉素溶液
2068,藻酸双酯钠片
2069,注射用细胞色素C
2070,法莫替丁片
2071,氯霉素注射液
2072,健步壮骨丸
2073,埃希
2074,盐酸特比萘芬溶液
2075,肺气肿片
2076,胞磷胆碱钠片
2077,多磺酸粘多糖乳膏
2078,姜颗粒
2079,维生素E胶丸(天然型)
2080,断血流胶囊
2081,十滴水
2082,去甲斑蝥酸钠氯化钠注射液
2083,美沙拉秦肠溶片
2084,蚁灵口服液
2085,利巴韦林片
2086,抗狂犬病血清
2087,宁坤丸
2088,泻痢消片
2089,依托红霉素片
2090,复方银杏叶萃取物胶囊
2091,复方消痔栓
2092,酒石酸托特罗定片
2093,天麻素注射液
2094,小青龙颗粒
2095,三尖杉酯碱注射液
2096,醒脾养儿颗粒
2097,阿苯达唑颗粒
2098,肠内营养混悬液(TP-MCT)
2099,曲咪新乳膏
2100,羚羊角口服液
2101,康肾颗粒
2102,安乐片
2103,吲哚美辛凝胶
2104,消肿痔疮片
2105,碘酸钾片
2106,复方甘草酸单铵注射液
2107,盐酸左氧氟沙星软膏
2108,金胆片
2109,膦甲酸钠氯化钠注射液
2110,罗红霉素分散片
2111,辛芳鼻炎胶囊
2112,木瓜丸
2113,柳氮磺吡啶肠溶片
2114,依托红霉素混悬液
2115,盐酸异丙嗪片
2116,盐酸纳洛酮舌下片
2117,菊蓝抗流感片
2118,复方消化酶胶囊
2119,止痛化癥颗粒
2120,注射用还原型谷胱甘肽钠
2121,八味沉香丸
2122,琥乙红霉素胶囊
2123,盐酸左旋咪唑糖浆
2124,注射用替卡西林钠克拉维酸钾
2125,盐酸西替利嗪片
2126,甲硫氨酸维B1注射液
2127,马应龙八宝眼膏
2128,五维牛磺酸口服溶液
2129,芪鹿补血颗粒
2130,舒眠胶囊
2131,苦参碱栓
2132,强肝糖浆
2133,酵母
2134,石淋通片
2135,护肝片
2136,赛庚啶乳膏
2137,鸦胆子油软胶囊
2138,小儿珍贝散
2139,左甲状腺素钠片
2140,排毒养颜片
2141,注射用促肝细胞生长素
2142,注射用重组人凝血因子VIIa
2143,盐酸萘替芬乳膏
2144,消痔丸
2145,硫辛酸注射液
2146,法莫替丁钙镁咀嚼片
2147,甘油氯化钠注射液
2148,牙痛停滴丸
2149,注射用呋塞米
2150,氟尿嘧啶植入剂
2151,更年舒片
2152,注射用腺苷钴铵
2153,冰矾清毒生肌散
2154,头孢泊肟酯胶囊
2155,益康胶囊
2156,维生素D2片
2157,氧氟沙星眼膏
2158,排石利胆颗粒
2159,妇科十味片
2160,氯诺昔康片
2161,天麻丸
2162,虚寒胃痛颗粒
2163,养血安神颗粒
2164,妇炎灵栓
2165,注射用重组人促卵泡激素
2166,虎驹乙肝胶囊
2167,浓替硝唑含漱液
2168,珊瑚癣净
2169,消癌平片
2170,稀甘油
2171,新雪颗粒
2172,曲安奈德新霉素贴膏
2173,利肺片
2174,脑塞通丸
2175,艾地苯醌片
2176,氨酚羟考酮片
2177,鞣酸苦参碱胶囊
2178,马来酸曲美布汀胶囊
2179,参茸补肾片
2180,曲安西龙片
2181,小儿氨酚黄那敏颗粒
2182,注射用头孢哌酮钠
2183,卡左双多巴控释片
2184,复方角菜酸酯栓
2185,盐酸克林霉素棕榈酸酯颗粒
2186,雷公藤多苷片
2187,丙酸倍氯米松气雾剂
2188,坤宁颗粒
2189,益肾养元颗粒
2190,氢溴酸东莨菪碱片
2191,甲苯磺酸索拉非尼片
2192,头孢氨苄缓释片
2193,碳酸钙咀嚼片
2194,固本回元口服液
2195,槐耳颗粒
2196,维磷糖浆
2197,黄芪精
2198,阿米卡星洗剂
2199,盐酸赖氨酸氯化钠注射液
2200,安替可胶囊
2201,双羊喉痹通颗粒
2202,葛根素滴眼液
2203,盐酸乙哌立松片
2204,元胡止痛片
2205,胆石通胶囊
2206,复方血栓通滴丸
2207,盐酸黄酮哌酯片
2208,替硝唑胶囊
2209,济生橘核丸
2210,醋酸甲萘氢醌片
2211,环孢素软胶囊
2212,卡波姆滴眼液
2213,小儿葫芦散
2214,头孢克肟片
2215,人参鹿茸丸
2216,盐酸美他环素胶囊
2217,注射用培美曲塞二钠
2218,蹄鞘胶囊
2219,胃膜素胶囊
2220,归脾合剂
2221,奥沙普秦肠溶胶囊
2222,注射用甲硝唑磷酸二钠
2223,香砂胃痛散
2224,养阴清肺膏
2225,格列齐特缓释片
2226,利心丸
2227,甘露醇注射液
2228,维D2乳酸钙片
2229,丹桃合剂
2230,酒石酸美托洛尔片
2231,头孢丙烯分散片
2232,小儿解感片
2233,养血生发胶囊
2234,冠心生脉丸
2235,吡拉西坦片
2236,注射用亚胺培南西司他丁钠
2237,厄贝沙坦分散片
2238,利福定胶囊
2239,醋酸曲安奈德乳膏
2240,注射用盐酸赖氨酸
2241,地屈孕酮片
2242,归圆口服液
2243,转移因子口服溶液
2244,舒心宁片
2245,经带宁胶囊
2246,阿奇霉素胶囊
2247,咳特灵胶囊
2248,盐酸吗啉胍片
2249,消渴灵片
2250,阴痒康洗剂
2251,玻璃酸钠滴眼液
2252,酒石酸溴莫尼定滴眼液
2253,倍他胡萝卜素胶囊
2254,双参补肾助阳胶囊
2255,破伤风人免疫球蛋白
2256,矽肺宁片
2257,葡萄糖酸锌咀嚼片
2258,千喜片
2259,盐酸萘甲唑啉滴鼻液
2260,散结止痛膏
2261,前列桂黄片
2262,复方岗松止痒洗液
2263,珍视明滴眼液
2264,夫西地酸乳膏
2265,葡萄糖酸氯己定软膏
2266,驱虫消食片
2267,牛黄解毒丸
2268,阿司匹林肠溶片
2269,注射用二巯丁二钠
2270,二十味肉豆蔻丸
2271,渴络欣胶囊
2272,布洛芬片
2273,暖宫七味丸
2274,法可林滴眼液
2275,片仔癀胶囊
2276,葛根素氯化钠注射液
2277,盐酸倍他司汀口服液
2278,阿法骨化醇片
2279,盐酸特比萘芬乳膏
2280,桂龙药膏
2281,复方硫酸亚铁颗粒
2282,醋酸戈舍瑞林缓释植入剂
2283,依托泊苷注射液
2284,芪葛口服液
2285,颠茄片
2286,吡非尼酮胶囊
2287,螺旋藻片
2288,云南红药胶囊
2289,酒石酸罗格列酮片
2290,前列舒丸
2291,肤阴洁液
2292,肥儿宝颗粒
2293,林可霉素维B6乳膏
2294,当归腹痛宁滴丸
2295,酮康唑胶囊
2296,盐酸洛非西定片
2297,盐酸布比卡因注射液
2298,痹祺胶囊
2299,九维片
2300,复方雪胆呋喃唑酮胶囊
2301,制霉素阴道栓
2302,硫酸特布他林雾化液
2303,注射用盐酸平阳霉素
2304,重组牛碱性成纤维细胞生长因子滴眼液
2305,注射用硫酸奈替米星
2306,左氧氟沙星滴眼液
2307,哈西奈德乳膏
2308,磁朱丸
2309,舒肝益脾胶囊
2310,盐酸艾司洛尔注射液
2311,硝酸奥昔康唑乳膏
2312,复方盐酸阿米洛利片
2313,马洛替酯片
2314,注射用丁二磺酸腺苷蛋氨酸
2315,软脉灵口服液
2316,复方八维甲睾酮胶囊
2317,碘化钾片
2318,盐酸可乐定滴丸
2319,注射用替卡西林钠-克拉维酸钾
2320,独一味颗粒
2321,盐酸氯环利嗪片
2322,醋酸钙颗粒
2323,元胡止痛胶囊
2324,复方硫黄乳膏
2325,散结镇痛胶囊
2326,美诺平颗粒
2327,塞克硝唑胶囊
2328,安阳固本膏
2329,盐酸普萘洛尔片盐酸地尔硫
2330,小儿四维葡钙颗粒
2331,注射用去水卫矛醇
2332,齐多拉米双夫定片
2333,复方苁蓉益智胶囊
2334,消食退热糖浆
2335,长春西汀片
2336,茶碱缓释片
2337,玄麦甘桔颗粒
2338,西洛他唑胶囊
2339,止痢宁片
2340,柏栀祛湿喷雾剂
2341,桔梗八味颗粒
2342,食母生片
2343,吡喹酮片
2344,耳聋左慈丸
2345,阑尾灵颗粒
2346,土霉素片
2347,朴实颗粒
2348,吸入用伊洛前列素溶液
2349,人凝血因子VIII
2350,肤痔清软膏
2351,滴通鼻炎水
2352,复方青黛胶囊
2353,银屑灵
2354,美沙拉嗪肠溶片
2355,祛白酊
2356,注射用乌司他丁
2357,威灵骨刺膏
2358,大黄
2359,右旋糖酐40葡萄糖注射液
2360,盐酸二甲双胍片
2361,甘露聚糖肽片
2362,复方鱼肝油氧化锌软膏
2363,硫糖铝咀嚼片
2364,阿昔洛韦缓释片
2365,丙戊酸钠糖浆
2366,肝浸膏片
2367,金药膏
2368,癃闭舒片
2369,依托芬那酯凝胶
2370,阿司待因片
2371,复方万年青胶囊
2372,硫辛酸胶囊
2373,鼻炎宁颗粒
2374,狂犬病人免疫球蛋白
2375,麻黄止嗽丸
2376,头孢氨苄缓释胶囊
2377,盐酸头孢他美酯干混悬剂
2378,二妙丸
2379,重楼解毒酊
2380,法莫替丁注射液
2381,骨肽片
2382,黄芪片
2383,白及颗粒
2384,螺旋霉素胶囊
2385,奥利司他胶囊
2386,羚珠散
2387,硝苯地平控释片
2388,注射用硼替佐米
2389,止咳橘红口服液
2390,花藤子颗粒
2391,阿莫西林颗粒
2392,芪参胶囊
2393,牛黄清胃丸
2394,聚甲酚磺醛阴道栓
2395,复方磷酸萘酚喹片
2396,酮康唑乳膏
2397,双歧杆菌三联活菌胶囊
2398,阿托伐他汀钙分散片
2399,潞党参口服液
2400,艾附暖宫丸
2401,辣椒碱乳膏
2402,血府逐瘀颗粒
2403,罗红霉素软胶囊
2404,苦木注射液
2405,枸橼酸铋雷尼替丁胶囊
2406,六神丸
2407,回春酒
2408,甲磺酸酚妥拉明颗粒
2409,洛芬待因片
2410,盐酸丁氯喘片
2411,翁沥通胶囊
2412,奥氮平片
2413,盐酸地芬尼多片
2414,吡嗪酰胺片
2415,烟酰胺注射液
2416,氯膦酸二钠胶囊
2417,二十九味能消散
2418,妇炎平阴道泡腾片
2419,盐酸左氧氟沙星注射液
2420,右旋糖酐铁片
2421,复方磺胺甲噁唑分散片
2422,利肝隆颗粒
2423,止血宝颗粒
2424,肌苷口服溶液
2425,硝酸咪康唑散
2426,溶菌酶含片
2427,硫酸锌尿囊素滴眼液
2428,肝苏胶囊
2429,肠炎宁糖浆
2430,注射用硫普罗宁
2431,枸橼酸氯米芬片
2432,盐酸小檗胺片
2433,氟康唑分散片
2434,补肾益脑丸
2435,白蚁巢胶囊
2436,利巴韦林泡腾颗粒
2437,盐酸阿罗洛尔片
2438,盐酸金刚烷胺颗粒
2439,复方锌铁钙颗粒
2440,尼群地平片
2441,小儿肺热平胶囊
2442,甘草酸二铵注射液
2443,丹参酮ⅡA磺酸钠注射液
2444,注射用卡铂
2445,华法林钠片
2446,丁酸氢化可的松乳膏
2447,125Ala注射液
2448,同溢堂
2449,强力碘溶液
2450,注射用奥拉西坦
2451,肌注
2452,甲氧氯普胺片
2453,羟苯磺酸钙片
2454,更年安胶囊
2455,盐酸甲氯芬酯胶囊
2456,盐酸美西律片
2457,止血祛瘀明目片
2458,消白软膏
2459,滋补生发片
2460,复方芦丁片
2461,生血宝合剂
2462,消渴平片
2463,氨糖美辛肠溶片
2464,孕康颗粒
2465,磷[32P]酸钠盐口服溶液
2466,骨刺平片
2467,康复新液
2468,奥美拉唑肠溶片
2469,香菊片
2470,头孢呋辛酯胶囊
2471,泮托拉唑钠肠溶胶囊
2472,注射用尿激酶
2473,维生素K1注射液
2474,辅酶Q10胶囊
2475,盐酸屈他维林片
2476,兰索拉唑肠溶胶囊
2477,赖氨酸磷酸氢钙颗粒
2478,人凝血酶原复合物
2479,云南白药酊
2480,茵莲清肝合剂
2481,冠脉康片
2482,烫伤油
2483,聚维酮碘乳膏
2484,丙谷胺片
2485,吡拉西坦胶囊
2486,福多司坦颗粒
2487,十六味马蔺子丸
2488,碳酸钙颗粒
2489,美雄酮片
2490,复方氯化钠注射液
2491,鞣酸蛋白片
2492,头孢拉定颗粒
2493,理中丸
2494,乳癖舒胶囊
2495,金砂五淋丸
2496,梁财信跌打丸
2497,格列美脲片
2498,小儿智力糖浆
2499,硅炭银片
2500,鞣柳硼三酸散
2501,湿润烧伤膏
2502,解毒散结胶囊
2503,盐酸赛洛唑啉鼻用喷雾剂
2504,复方灵芝颗粒
2505,复方甘草酸单铵S氯化钠注射液
2506,克拉霉素分散片
2507,法罗培南钠片
2508,维生素E胶丸
2509,阿昔洛韦乳膏
2510,藤黄健骨胶囊
2511,维生素B6注射液
2512,头孢氨苄甲氧苄啶胶囊
2513,盐酸伊曲康唑胶囊
2514,甘草酸二铵肠溶胶囊
2515,盐酸多巴酚丁胺葡萄糖注射液
2516,伤科跌打片
2517,消癌平糖浆
2518,丹鹿通督片
2519,角鲨烯胶丸
2520,盐酸氮卓斯汀鼻喷剂
2521,盐酸左氧氟沙星眼用凝胶
2522,消癌平胶囊
2523,复方珍珠暗疮胶囊
2524,西洛他唑片
2525,马来酸桂哌齐特注射液
2526,复方蛤青胶囊
2527,亚硫酸氢钠甲萘醌注射液
2528,羟基脲胶囊
2529,脑蛋白水解物注射液
2530,神农镇痛膏
2531,健骨生丸
2532,排毒清脂片
2533,养荣祛斑膏
2534,健儿清解液
2535,茯蒲洗液
2536,泼尼松龙片
2537,注射用重组人Ⅱ型肿瘤坏死因子受体-抗体融合蛋白
2538,龙骨颈椎胶囊
2539,TP
2540,头孢克肟干混悬剂
2541,益安回生口服液
2542,前列通片
2543,愈美胶囊
2544,毛冬青注射液
2545,萘普生栓
2546,抗宫炎软胶囊
2547,他卡西醇软膏
2548,大株红景天胶囊
2549,玻璃酸钠注射液
2550,牛磺酸滴眼液
2551,注射用血凝酶
2552,婴儿健脾颗粒
2553,颈痛胶囊
2554,注射用降纤酶
2555,仁青常觉
2556,盐酸曲美他嗪片
2557,腹可安片
2558,氟他胺片
2559,江西京通美联一清颗粒
2560,注射用达卡巴嗪
2561,济泰片
2562,脾胃舒丸
2563,黄连上清片
2564,参芍片
2565,痔疮外洗药
2566,脑灵素片
2567,心脑欣片
2568,美辛唑酮栓
2569,丹参胶囊
2570,盐酸阿普林定片
2571,氯化钾片
2572,阿昔洛韦凝胶
2573,转化糖电解质注射液
2574,盐酸可乐定片
2575,参茯胶囊
2576,八宝惊风散
2577,脉络宁注射液
2578,克痤隐酮乳膏
2579,牛黄抱龙丸
2580,金刚藤咀嚼片
2581,伊班膦酸钠注射液
2582,氟哌噻吨美利曲辛片
2583,二母宁嗽丸
2584,通脉降脂片
2585,五子衍宗丸
2586,十一味金色丸
2587,复方肝浸膏片
2588,乳酸菌阴道胶囊
2589,心脑健片
2590,伏立康唑片
2591,健胃消食片
2592,盐酸赖氨酸葡萄糖注射液
2593,茴三硫片
2594,骨刺胶囊
2595,芩连片
2596,金刚藤口服液
2597,复方活脑舒胶囊
2598,补血益母丸
2599,卵磷脂片
2600,左氧氟沙星片
2601,柘木糖浆
2602,三肾丸
2603,壮腰健肾丸
2604,苯丁酸氮芥片
2605,复方黄黛片
2606,牡蛎碳酸钙胶囊
2607,盐酸利托君片
2608,妇科止带胶囊
2609,苦参凝胶
2610,美沙拉秦栓剂
2611,盐酸氨溴索糖浆
2612,门冬氨酸鸟氨酸注射液
2613,和血明目片
2614,左卡尼汀注射液
2615,伤湿止痛膏
2616,氨苯蝶啶片
2617,前列癃闭通片
2618,鳖甲胶
2619,洛莫司汀胶囊
2620,创灼膏
2621,通脉养心丸
2622,秘治胶囊
2623,北芪片
2624,注射用硝普钠
2625,复方地西泮片
2626,二甲双胍格列本脲片(Ⅰ)
2627,强肝胶囊
2628,氢溴酸樟柳碱注射液
2629,奥替溴铵片
2630,骨刺丸
2631,大黄蛰虫丸
2632,他克莫司胶囊
2633,普济痔疮栓
2634,复方丹蛭片
2635,青霉胺片
2636,孕三烯酮胶囊
2637,五妙水仙膏
2638,肺力咳合剂
2639,苦参栓
2640,小儿暖脐膏
2641,紫花烧伤膏
2642,儿泻停颗粒
2643,氯化钾缓释片
2644,左卡尼汀口服溶液
2645,益脉康胶囊
2646,芪斛楂颗粒
2647,莲芝消炎滴丸
2648,前列舒乐颗粒
2649,蜡样芽孢杆菌活菌胶囊
2650,复方人参间苯二酚搽剂
2651,氢化泼尼松注射液
2652,双氯芬酸钠肠溶缓释胶囊
2653,氯霉素片
2654,氨甲苯酸注射液
2655,锝[99mTc]司它比注射液
2656,冰珍清目滴眼液
2657,西帕依麦孜彼子口服液
2658,丁酸氯倍他松乳膏
2659,克拉霉素缓释片
2660,夏枯草口服液
2661,注射用盐酸丁咯地尔
2662,保胎无忧片
2663,五维甘草那敏胶囊
2664,己酮可可碱肠溶片
2665,青霉素V钾胶囊
2666,维生素AD软胶囊
2667,聚维酮碘溶液
2668,盐酸托莫西汀胶囊
2669,丹参川芎嗪注射液
2670,逐瘀消肿膏
2671,维A酸乳膏
2672,肛安栓
2673,注射用甲氨蝶呤
2674,西黄丸
2675,肛泰
2676,金鸣片
2677,三乙醇胺乳膏
2678,替比夫定片
2679,鹿瓜多肽注射液
2680,盐酸替扎尼定片
2681,阿昔莫司胶囊
2682,盐酸金霉素眼膏
2683,补肾强身胶囊
2684,化痔片
2685,注射用甲泼尼龙琥珀酸钠
2686,缬沙坦胶囊
2687,酮康唑洗剂
2688,替吉奥胶囊
2689,头孢拉定分散片
2690,克比热提片
2691,左乙拉西坦口服溶液
2692,对氨基水杨酸异烟肼片
2693,威麦宁胶囊
2694,卡络磺钠片
2695,妇科千金片
2696,金刚藤软胶囊
2697,妥布霉素地塞米松眼膏
2698,增光胶囊
2699,勒马回胶囊
2700,固元胶囊
2701,当归养血口服液
2702,七厘散
2703,富马酸喹硫平片
2704,蚕蛾公补片
2705,阿法骨化醇软胶囊
2706,颠茄酊
2707,克感额日敦片
2708,小儿七星茶颗粒
2709,补肾强身片
2710,重组人干扰素α1b注射液
2711,注射用环磷腺苷葡胺
2712,盐酸氨基葡萄糖颗粒
2713,甲磺酸-a-二氢麦角隐亭片
2714,醒脑安神片
2715,复方碳酸钙泡腾颗粒
2716,心荣颗粒
2717,胆维丁乳
2718,注射用奈达铂
2719,妇宁康胶囊
2720,头孢克洛颗粒
2721,蛇胆川贝液
2722,氯美扎酮片
2723,复方水杨酸甲酯乳膏
2724,巯嘌呤片
2725,黄连羊肝丸
2726,波生坦片
2727,五海瘿瘤丸
2728,乌兰三味汤散
2729,口炎清片
2730,保济丸
2731,维生素D3注射液
2732,注射用美洛西林钠舒巴坦钠
2733,散结片
2734,三金片
2735,羧甲淀粉钠溶液
2736,复方硫酸软骨素滴眼液
2737,莉芙敏片
2738,奥拉西坦胶囊
2739,广誉远定坤丹
2740,维生素B2注射液
2741,牙痛一粒丸
2742,红霉素肠溶片
2743,芪枣健胃茶
2744,生三七散
2745,曲克芦丁口服溶液
2746,去甲斑蝥酸钠注射液
2747,盐酸林可霉素滴眼液
2748,五味安神颗粒
2749,黄精赞育胶囊
2750,丁硼乳膏
2751,海昆肾喜胶囊
2752,六甲蜜胺胶囊
2753,阿莫西林分散片
2754,重酒石酸去甲肾上腺素注射液
2755,重酒石酸卡巴拉汀胶囊
2756,注射用维生素B6
2757,盐酸奥洛他定胶囊
2758,贝诺酯片
2759,丙硫氧嘧啶肠溶胶囊
2760,益心巴迪然吉布亚颗粒
2761,麝香接骨胶囊
2762,维生素B6片
2763,克癀胶囊
2764,马来酸氨氯地平片
2765,阿米卡星滴眼液
2766,止渴养阴胶囊
2767,阿昔洛韦滴眼液
2768,槐角丸
2769,注射用盐酸多沙普仑
2770,齐墩果酸胶囊
2771,丙酸交沙霉素颗粒
2772,供口服用
2773,谷维素双维B片
2774,维生素B4片
2775,骨折挫伤胶囊
2776,硫酸沙丁胺醇雾化吸入溶液
2777,十八味诃子丸
2778,注射用放线菌素D
2779,盐酸维拉帕米片
2780,盐酸奥昔布宁缓释片
2781,人工牛黄甲硝唑胶囊
2782,肝素钙注射液
2783,阿奇霉素颗粒
2784,甲硝唑凝胶
2785,碘甘油
2786,碘糖丸
2787,利福喷丁胶囊
2788,维儿康洗液
2789,小儿咽扁颗粒
2790,玉泉颗粒
2791,景天三七片
2792,肝胆舒康胶囊
2793,甲磺酸酚妥拉明分散片
2794,蛋氨酸重酒石酸胆碱片
2795,环磷腺苷葡胺注射液
2796,伤痛宁膏
2797,参桂理中丸
2798,丙硫氧嘧啶片
2799,三维鱼肝油乳
2800,替硝唑阴道泡腾片
2801,儿童回春丸
2802,愈风宁心滴丸
2803,罗红霉素干混悬剂
2804,妇康宁片
2805,固本咳喘片
2806,杞菊地黄口服液
2807,盐酸维拉帕米注射液
2808,水杨酸软膏
2809,盐酸莫西沙星氯化钠注射液
2810,金银花露
2811,多潘立酮片
2812,小儿泄泻停颗粒
2813,肾衰宁片
2814,卡培他滨片
2815,天蓉益肾合剂
2816,丹红化瘀口服液
2817,干酵母片
2818,感冒灵颗粒
2819,甘草锌颗粒
2820,硫酸庆大霉素注射液
2821,盐酸西布曲明胶囊
2822,枸橼酸钾颗粒
2823,人参卫生丸
2824,复方田七胃痛胶囊
2825,儿肤康搽剂
2826,枯草杆菌活菌胶囊
2827,海马补肾丸
2828,接骨续筋片
2829,灯银脑通胶囊
2830,醋酸曲安奈德益康唑乳膏
2831,黄芩素铝胶囊
2832,滋心阴胶囊
2833,地拉罗司分散片
2834,硫辛酸片
2835,托吡卡胺滴眼液
2836,复方桔梗止咳片
2837,鞣酸蛋白酵母散
2838,磷霉素氨丁三醇散
2839,依折麦布片
2840,七制香附丸
2841,愈酚溴新口服溶液
2842,贝美前列素滴眼液
2843,克霉唑乳膏
2844,骨增生镇痛膏
2845,冰黄肤乐软膏
2846,科洛曲片
2847,肤芩洗剂
2848,肾康宁片
2849,妇科调经片
2850,活血跌打丸
2851,天麻眩晕宁合剂
2852,茵栀黄软胶囊
2853,葡醛酸钠注射液
2854,盐酸苯海拉明注射液
2855,银翘解毒颗粒
2856,头孢氨苄颗粒
2857,盐酸多塞平乳膏
2858,门冬氨酸钾镁口服溶液
2859,舒肝丸
2860,二乙酰氨乙酸乙二胺氯化钠注射液
2861,二巯丁二酸胶囊
2862,接骨七厘片
2863,醋酸奥曲肽注射液
2864,注射用胰激肽原酶
2865,双花百合片
2866,跌打万花油
2867,甲硝唑片
2868,红花逍遥颗粒
2869,金黄抱龙丸
2870,小儿喜食糖浆
2871,赖氨葡锌颗粒
2872,青霉素V钾片
2873,Ⅲ
2874,阿娜尔妇洁液
2875,抗宫炎片
2876,注射用A型肉毒毒素
2877,十五味萝蒂明目丸
2878,富马酸酮替芬片
2879,盐酸酚苄明片
2880,降脂宁颗粒
2881,刺五加颗粒
2882,盐酸异丙肾上腺素注射液
2883,甘露聚糖肽注射液
2884,达沙替尼片
2885,阿莫西林克拉维酸钾片
2886,双氢青蒿素哌喹片
2887,塞来昔布胶囊
2888,溴丙胺太林片
2889,左氧氟沙星氯化钠注射液
2890,小儿肺炎散
2891,复方小儿退热栓
2892,维胺酯胶丸
2893,阿魏酸哌嗪片
2894,注射用重组人干扰素γ
2895,复方尿维氨滴眼液
2896,肛泰栓
2897,乌军治胆胶囊
2898,婴儿健脾口服液
2899,田七痛经胶囊
2900,黄根片
2901,痔速宁片
2902,葛泰地奥司明片
2903,保和丸
2904,胆胃康胶囊
2905,硫酸卡那霉素滴眼液
2906,如意定喘片
2907,乌梅丸
2908,酮洛芬缓释胶囊
2909,云芝胞内糖肽胶囊
2910,复方胆通片
2911,甲硝唑芬布芬胶囊
2912,TPSPA
2913,化痰平喘片
2914,浓维磷糖浆
2915,复方倍氯米松樟脑乳膏
2916,天麦消渴片
2917,重组赖脯胰岛素注射液
2918,盐酸多奈哌齐胶囊
2919,三七化痔丸
2920,肠胃宁胶囊
2921,盐酸坦洛新缓释胶囊
2922,维生素D2注射液
2923,消炎灵胶囊
2924,环磷酰胺片
2925,曲匹布通片
2926,狗皮膏
2927,尿素贴膏
2928,全鹿丸
2929,钆双胺注射液
2930,注射用重组人白介素-2(Ⅰ)
2931,积雪苷片
2932,益肝活血明目丸
2933,礞石滚痰丸
2934,橡皮生肌膏
2935,益气聪明丸
2936,皮肤病血毒丸
2937,生血宁片
2938,肾炎康复片
2939,硫酸庆大霉素碳酸铋胶囊
2940,盐酸普罗帕酮注射液
2941,环磷腺苷葡胺葡萄糖注射液
2942,多烯酸乙酯胶丸
2943,孕康口服液
2944,枸橼酸喷托维林片
2945,脑立清丸
2946,金明和胃胶囊
2947,罗红霉素颗粒
2948,四圣散
2949,抗菌消炎胶囊
2950,双歧杆菌三联活菌散
2951,麦迪霉素片
2952,罗红霉素胶囊
2953,丹鳖胶囊
2954,斑蝥素乳膏
2955,卡马西平胶囊
2956,马来酸曲美布汀分散片
2957,参苓健脾胃颗粒
2958,血康口服液
2959,前列安通胶囊
2960,益母草膏
2961,多巴丝肼片
2962,甲芬那酸胶囊
2963,六味地黄胶囊
2964,磺胺醋酰钠滴眼液
2965,肾康注射液
2966,丙戊酸钠缓释片
2967,猪肺磷脂注射液
2968,大花红景天口服液
2969,安胎益母丸
2970,注射用特利加压素
2971,甲睾酮片
2972,乳酸钙颗粒
2973,卡前列甲酯栓
2974,头孢呋辛酯颗粒
2975,苯丙氨酯片
2976,苯甲酸利扎曲普坦片
2977,奥利司他片
2978,银杏达莫注射液
2979,吲哚美辛呋喃唑酮栓
2980,盐酸纳曲酮片
2981,盐酸丙米嗪片
2982,呋塞米注射液
2983,三维制霉素栓
2984,氨基比林咖啡因片
2985,碘酸钾颗粒
2986,4:1分散片
2987,冠通片
2988,通天口服液
2989,复方乙酰水杨酸片
2990,景志安神口服液
2991,头孢特仑新戊酯胶囊
2992,关节镇痛膏
2993,消朦片
2994,炉甘石洗剂
2995,小儿牛黄清肺片
2996,通塞脉片
2997,人胎盘片
2998,驱白巴布期片
2999,一清颗粒
3000,盐酸吡硫醇片
3001,排石颗粒
3002,千金保孕丸
3003,依马打正红花油
3004,糠酸莫米松洗剂
3005,桃红清血片
3006,血塞通颗粒
3007,富马酸亚铁颗粒
3008,乙肝扶正胶囊
3009,匹多莫德胶囊
3010,盐酸二甲双胍缓释片
3011,桔贝合剂
3012,甲钴胺片
3013,熊胆痔疮膏
3014,日晒防治膏
3015,复方卡力孜然酊
3016,止痛化癥片
3017,薯蓣皂苷片
3018,建曲
3019,克拉霉素胶囊
3020,鹿丹芪胶囊
3021,金蝉止痒颗粒
3022,消风止痒颗粒
3023,豆腐果苷片
3024,盐酸曲普利啶胶囊
3025,清胰利胆丸
3026,亚砷酸氯化钠注射液
3027,三七片
3028,龙血竭胶囊
3029,普瑞巴林胶囊
3030,清热消炎宁片
3031,甘露消渴胶囊
3032,乳酶生片
3033,坤灵丸
3034,葡萄糖酸锌颗粒
3035,盐酸吗啉胍滴眼液
3036,生脉注射液
3037,脑乐静
3038,樟脑磺酸钠注射液
3039,镇脑宁胶囊
3040,复方鲜竹沥液
3041,葡萄糖酸钙含片
3042,盐酸异可利定片
3043,重组人白介素-2注射液
3044,参仙升脉口服液
3045,乳癖康胶囊
3046,重组人干扰素α2a注射液
3047,聚甲酚磺醛凝胶
3048,酞丁安滴眼液
3049,氟尿嘧啶氯化钠注射液
3050,妇康丸
3051,癃清胶囊
3052,龟鹿补肾口服液
3053,阑尾消炎丸
3054,治伤胶囊
3055,硫唑嘌呤片
3056,颈康胶囊
3057,磷霉素钙胶囊
3058,白金丸
3059,肝喜乐片
3060,消炎利胆片
3061,清胃黄连丸
3062,头孢羟氨苄甲氧苄啶胶囊
3063,注射用醋酸奥曲肽
3064,盐酸胺碘酮胶囊
3065,甲泼尼龙片
3066,当归片
3067,益髓颗粒
3068,前列舒乐软胶囊
3069,乳块消颗粒
3070,参附注射液
3071,脱氧核苷酸钠注射液
3072,夏枯草片
3073,柳氮磺吡啶结肠溶胶囊
3074,大山楂颗粒
3075,附子理中丸
3076,29
3077,胶囊型
3078,小儿复方麝香草酚撒粉
3079,血宁胶囊
3080,血宝胶囊
3081,益肾康胶囊
3082,乳核散结胶囊
3083,乌龙散
3084,丹参益心胶囊
3085,金钱草片
3086,祖师麻片
3087,肝复康丸
3088,银参通络胶囊
3089,丁桂儿脐贴
3090,匹多莫德分散片
3091,二羟丙茶碱片
3092,复方氯己定含漱液
3093,赛霉安散
3094,氢溴酸加兰他敏片
3095,小儿广朴止泻口服液
3096,肿节风注射液
3097,首乌延寿片
3098,益视颗粒
3099,过氧化氢溶液
3100,儿泻康贴膜
3101,利巴韦林分散片
3102,SP
3103,樟脑水合氯醛酊
3104,乳疾灵颗粒
3105,酒石酸伐尼克兰片
3106,近视乐眼药水
3107,金鸡胶囊
3108,盐酸左氧氟沙星氯化钠注射液
3109,痔根断片
3110,戊酸雌二醇片/雌二醇环丙孕酮片复合包装
3111,小儿止泻片
3112,复方水杨酸甲酯苯海拉明喷雾剂
3113,氯膦酸二钠注射液
3114,马来酸依那普利片
3115,结合雌激素片
3116,小儿善存片
3117,致康胶囊
3118,脂必妥片
3119,肾炎四味片
3120,灵仙跌打片
3121,热痱搽剂
3122,尼莫地平缓释胶囊
3123,盐酸氟西汀胶囊
3124,灵孢多糖注射液
3125,复方苦木消炎片
3126,复方氨基丁酸维E胶囊
3127,磷酸哌嗪宝塔糖
3128,米诺地尔搽剂
3129,硝呋太尔阴道片
3130,天麻头风灵片
3131,复方硫酸软骨素片
3132,丹曲林钠胶囊
3133,氟哌啶醇注射液
3134,谷维素片
3135,福多司坦胶囊
3136,头孢克洛分散片
3137,小儿咳喘灵颗粒
3138,重组牛碱性成纤维细胞生长因子凝胶
3139,胃肠宁颗粒
3140,乳酸左氧氟沙星片
3141,四磨汤口服液
3142,萆薢分清丸
3143,十八味欧曲丸
3144,人免疫球蛋白
3145,华蟾素口服液
3146,美沙拉秦栓
3147,亚硒酸钠片
3148,养血安神片
3149,四环素片
3150,盐酸二氧丙嗪颗粒
3151,重组人表皮生长因子衍生物滴眼液
3152,复方醋酸地塞米松乳膏
3153,谷氨酸钠注射液
3154,替莫唑胺胶囊
3155,鼻咽灵片
3156,银黄口服液
3157,肥儿糖浆
3158,板蓝大青颗粒
3159,盐酸普萘洛尔片
3160,甲芬那酸片
3161,咽炎片
3162,鱼鳞病片
3163,垂盆草颗粒
3164,宁神丸
3165,酞丁安搽剂
3166,颠茄磺苄啶片
3167,苯磺酸氨氯地平胶囊
3168,氨茶碱缓释片
3169,盐酸左氧氟沙星分散片
3170,速效救心丸
3171,参龟固本酒
3172,石淋通颗粒
3173,补肺活血胶囊
3174,注射用克林霉素磷酸酯
3175,酒石酸美托洛尔注射液
3176,金龙胶囊
3177,抑亢丸
3178,便乃通茶
3179,盐酸胺碘酮注射液
3180,尿嘧啶替加氟片
3181,藿香正气胶囊
3182,调经养颜片
3183,睡安胶囊
3184,雪梨膏
3185,龙虎人丹
3186,人参养荣丸
3187,温胃舒泡腾片
3188,氟尿嘧啶软膏
3189,盐酸倍他司汀片
3190,清泻丸
3191,四味脾胃舒片
3192,千金藤啶碱片
3193,阿魏酸钠片
3194,青鹏膏剂
3195,云南白药胶囊
3196,参志胶囊
3197,童康片
3198,坤复康胶囊
3199,地衣芽孢杆菌活菌胶囊
3200,硫酸链霉素注射液
3201,卵磷脂络合碘胶囊
3202,奋乃静注射液
3203,小儿健脾散
3204,复方独活吲哚美辛胶囊
3205,双虎肿痛宁
3206,赖氨酸磷酸氢钙片
3207,龙胆泻肝口服液
3208,克霉唑阴道片
3209,甲磺酸培氟沙星片
3210,注射用盐酸头孢甲肟
3211,抗骨增生片
3212,苯酰甲硝唑分散片
3213,小儿止咳糖浆
3214,盐酸氨基葡萄糖胶囊
3215,维生素C片
3216,复方红衣补血口服液
3217,麻仁丸
3218,洛伐他汀片
3219,妥布霉素滴眼液
3220,健心片
3221,化瘀固精合剂
3222,阿司匹林片
3223,三黄片
3224,十一味参芪胶囊
3225,通脉颗粒
3226,硫酸阿托品片
3227,大株红景天片
3228,瓜霜退热灵胶囊
3229,障眼明片
3230,莱葛颗粒
3231,小儿肺热咳喘口服液
3232,麝香壮骨膏
3233,骨松宝胶囊
3234,硫酸镁注射液
3235,新福菌素注射液
3236,仙灵骨葆片
3237,荷叶丸
3238,注射用盐酸甲氯芬酯
3239,铝碳酸镁片
3240,米诺地尔喷雾剂
3241,丹佛胃尔康颗粒
3242,替勃龙片
3243,富马酸酮替芬胶囊
3244,注射用氨苄西林钠
3245,复方羊角颗粒
3246,卡前列素氨丁三醇注射液
3247,甲巯咪唑片
3248,舒必利片
3249,Ⅱ
3250,盐酸苯氨咪唑啉片
3251,注射用氨磷汀
3252,蓼参胶囊
3253,125Ala
3254,胰酶肠溶胶囊
3255,芪枣颗粒
3256,盐酸苯海索片
3257,注射用盐酸博来霉素
3258,叶酸片
3259,小儿牛黄散
3260,清热醒脑灵丸
3261,生血丸
3262,多动宁胶囊
3263,宫血宁胶囊
3264,芪蓝扶正颗粒
3265,维U颠茄铝镁片Ⅱ
3266,银杏蜜环口服溶液
3267,胸腺肽肠溶片
3268,复方羊角片
3269,奥硝唑胶囊
3270,卤米松/三氯生乳膏
3271,小金片
3272,盐酸莫雷西嗪片
3273,匹多莫德口服溶液
3274,门冬氨酸钾镁片
3275,甲硝唑阴道泡腾片
3276,胆汁槟榔维B1胶囊
3277,维生素B1丸
3278,复方蚂蚁养肝胶囊
3279,小儿腹泻散
3280,妇科千金胶囊
3281,复方利血平片
3282,参坤养血颗粒
3283,多索茶碱葡萄糖注射液
3284,参归养血片
3285,盐酸环丙沙星凝胶
3286,复合乳酸菌胶囊
3287,替米沙坦片
3288,地喹氯铵含片
3289,穿心莲软胶囊
3290,阿莫西林双氯西林钠胶囊
3291,孟鲁司特钠片
3292,清喉利咽颗粒
3293,醋酸曲普瑞林注射液
3294,复方罗汉果止咳颗粒
3295,硫化钠薄荷脑溶液
3296,尼可刹米注射液
3297,金刚片
3298,颅痛宁颗粒
3299,短棒状杆菌制剂
3300,百咳静糖浆
3301,地奥司明片
3302,钻山风糖浆
3303,乳核内消颗粒
3304,天麻蜜环菌片
3305,痔宁片
3306,云南白药创可贴
3307,前列通栓
3308,肾骨颗粒
3309,生精片
3310,地仲强骨胶囊
3311,八味益肾丸
3312,注射用盐酸艾司洛尔
3313,复方磺胺甲噁唑片
3314,胸腺肽注射液
3315,依帕司他片
3316,小儿鼻炎片
3317,脑灵胶囊
3318,丹益片
3319,低分子量肝素钠注射液
3320,盐酸左布诺洛尔滴眼液
3321,氨氯地平阿托伐他汀钙片
3322,盐酸胺碘酮片
3323,多维铁口服溶液
3324,辣椒风湿膏
3325,消结安口服液
3326,伸筋丹胶囊
3327,昆明山海棠片
3328,筋骨痛消丸
3329,维酶素片
3330,益肾生发丸
3331,迈之灵片
3332,益胆片
3333,龟芪壮骨颗粒
3334,复方鱼腥草片
3335,硫酸沙丁胺醇气雾剂
3336,慢严舒柠
3337,芪葛颗粒
3338,半水合雌二醇贴片
3339,维血宁颗粒
3340,治咳枇杷露
3341,调经促孕丸
3342,金甲排石胶囊
3343,葡萄糖氯化钠注射液
3344,复方樟柳碱注射液
3345,甲钴胺分散片
3346,黄藤素软胶囊
3347,解毒凉血合剂
3348,盐酸氯丙嗪注射液
3349,复方双金痔疮膏
3350,咽炎清片
3351,盐酸地尔硫
3352,制剂中间体
3353,人纤维蛋白原
3354,嗣育保胎丸
3355,复方聚乙二醇电解质散
3356,双氯芬酸钠缓释片
3357,氟康唑胶囊
3358,醋酸氯己定痔疮栓
3359,异烟肼片
3360,固肾生发丸
3361,甲磺酸帕珠沙星注射液
3362,克林霉素磷酸酯阴道泡腾片
3363,嘎日迪五味丸
3364,缬沙坦分散片
3365,门冬胰岛素注射液
3366,参三七伤药胶囊
3367,鱼肝油乳
3368,夏枯草胶囊
3369,姜黄消痤搽剂
3370,苯酰甲硝唑干混悬剂
3371,骨刺消痛液
3372,沙丁胺醇气雾剂
3373,恒古骨伤愈合剂
3374,黄体酮栓
3375,重组人干扰素α2a栓
3376,吡罗昔康胶囊
3377,甲状腺片
3378,谷丙甘氨酸胶囊
3379,复方环磷酰胺片
3380,鱼肝油酸钠注射液
3381,脂降宁片
3382,新癀片
3383,藿阳补肾胶囊
3384,复方杏香兔耳风颗粒
3385,鼻炎灵片
3386,利巴韦林颗粒
3387,氨苄西林胶囊
3388,风湿骨痛丸
3389,草乌甲素片
3390,克霉唑倍他米松乳膏
3391,盐酸沙丙蝶呤片
3392,氨苄西林丙磺舒胶囊
3393,注射用青霉素钠
3394,麝香祛痛搽剂
3395,正骨膏
3396,氨甲环酸片
3397,灵宝护心丹
3398,护肝宁片
3399,云芝肝泰颗粒
3400,硫酸阿托品注射液
3401,丁溴东莨菪碱胶囊
3402,奥沙拉秦钠胶囊
3403,盐酸消旋山莨菪碱氯化钠注射液
3404,丁苯酞软胶囊
3405,鼻窦炎口服液
3406,心脑欣丸
3407,川芎茶调颗粒
3408,硫酸阿托品眼用凝胶
3409,六味壮骨颗粒
3410,参棘软膏
3411,注射用盐酸罗哌卡因
3412,注射用酚磺乙胺
3413,复方硫酸新霉素滴眼液
3414,甘油醇溶液
3415,香菇多糖胶囊
3416,胃痛丸
3417,紫归治裂膏
3418,明目地黄丸
3419,平消胶囊
3420,骨炎灵片
3421,醋酸氢化可的松注射液
3422,金红片
3423,心宝丸
3424,如意金黄散
3425,齐多夫定胶囊
3426,左旋多巴片
3427,萘普生钠氯化钠注射液
3428,维生素BT片
3429,乌洛托品溶液
3430,二十五味珊瑚丸
3431,盐酸克林霉素棕榈酸酯分散片
3432,康尔心胶囊
3433,复方磺胺嘧啶锌凝胶
3434,清肝利胆胶囊
3435,囊虫丸
3436,硬脂酸红霉素片
3437,胆石片
3438,补中益气颗粒
3439,注射用石杉碱甲
3440,溃平宁颗粒
3441,肺力咳胶囊
3442,环孢素滴眼液
3443,氢氯噻嗪片
3444,重组人生长激素注射液
3445,西地碘含片
3446,血尿胶囊
3447,胰胆炎合剂
3448,熊去氧胆酸片
3449,氯雷他定片
3450,19AA-Ⅰ
3451,甲硝唑口颊片
3452,伤湿祛痛膏
3453,连蒲双清片
3454,硝酸异山梨酯片
3455,氨咖甘片
3456,注射用胰蛋白酶
3457,硝呋太尔制霉素阴道软胶囊
3458,愈伤灵胶囊
3459,产后逐瘀片
3460,甲硝唑氯己定软膏
3461,消旋卡多曲颗粒
3462,注射用甲硫氨酸维B1
3463,醋酸甲地孕酮分散片
3464,天草颗粒
3465,聚磺苯乙烯钠散
3466,消糜栓
3467,尿嘧啶替加氟胶囊
3468,益血生胶囊
3469,黄体酮胶囊
3470,注射用乙酰谷酰胺
3471,癣灵药水
3472,茵栀黄口服液
3473,富马酸亚铁咀嚼片
3474,阿法骨化醇胶囊
3475,排毒养颜胶囊
3476,甲磺酸左氧氟沙星氯化钠注射液
3477,氟比洛芬酯注射液
3478,奥硝唑氯化钠注射液
3479,小儿腹泻宁糖浆
3480,磷酸伯氨喹片
3481,注射用醋酸曲普瑞林
3482,维生素E皇浆口服液
3483,除翳明目片
3484,智杞颗粒
3485,麝香活血化瘀膏
3486,聚明胶肽注射液
3487,藻酸双酯钠注射液
3488,妇炎平胶囊
3489,晕可平颗粒
3490,环吡酮胺乳膏
3491,氯沙坦钾氢氯噻嗪片
3492,葡醛内酯片
3493,注射用氨苄西林钠舒巴坦钠
3494,包醛氧淀粉胶囊
3495,阿仑膦酸钠肠溶片
3496,桂枝茯苓片
3497,羟苯磺酸钙分散片
3498,Ⅰ
3499,芎菊上清丸
3500,妇炎康丸
3501,净石灵胶囊
3502,硫酸亚铁片
3503,人胎盘组织液
3504,塞替派注射液
3505,鲑鱼降钙素喷鼻剂
3506,鼻舒适片
3507,香荷止痒软膏
3508,地红霉素肠溶胶囊
3509,桃红清血丸
3510,红花逍遥片
3511,脑心通胶囊
3512,右美沙芬缓释混悬液
3513,氢化可的松片
3514,阿莫西林克拉维酸钾干混悬剂
3515,甲磺酸伊马替尼片
3516,茶苯海明片
3517,八宝丹胶囊
3518,广东凉茶颗粒
3519,沙棘颗粒
3520,香菇菌多糖片
3521,色甘酸钠滴眼液
3522,格列吡嗪缓释片
3523,复方青黛片
3524,氟轻松维B6乳膏
3525,醋酸氢化可的松滴眼液
3526,硫酸特布他林片
3527,氨碘肽滴眼液
3528,转移因子注射液
3529,二十五味松石丸
3530,乌苯美司胶囊
3531,盐酸羟甲唑啉喷雾剂
3532,氟罗沙星分散片
3533,肿节风分散片
3534,葡萄糖酸锑钠注射液
3535,六味防脱生发酊
3536,细胞色素C注射液
3537,福多司坦片
3538,大黄碳酸氢钠片
3539,化痔胶囊
3540,盐酸文拉法辛缓释胶囊
3541,拨云复光散
3542,乳酸钙口服溶液
3543,景天祛斑胶囊
3544,硫酸软骨素片
3545,氨肽素片
3546,盐酸奥洛他定片
3547,穿心莲片
3548,复方三七胶囊
3549,银杏叶提取物注射液
3550,丙酸氯倍他索乳膏
3551,藿香正气丸
3552,鱼腥草素钠栓
3553,一清片
3554,白癜风胶囊
3555,解郁安神片
3556,匹多莫德颗粒剂
3557,肠炎宁颗粒
3558,盐酸洛贝林注射液
3559,肾炎消肿片
3560,妇科白带片
3561,咽炎含片
3562,甲硝唑呋喃唑酮栓
3563,大山楂丸
3564,苍夷滴鼻剂
3565,吡拉西坦注射液
3566,消旋山莨菪碱片
3567,三维葡磷钙咀嚼片
3568,喉痛灵片
3569,众生片
3570,克林霉素磷酸酯凝胶
3571,原百仙妇炎清栓
3572,多潘立酮口腔崩解片
3573,复方聚维酮碘搽剂
3574,少腹逐瘀丸
3575,安神补脑液
3576,双料喉风散
3577,虫草头孢菌胶囊
3578,胆石通利胶囊
3579,氯喹那多/普罗雌烯阴道片
3580,十一味甘露胶囊
3581,心脉安片
3582,十味诃子丸
3583,复方雪莲胶囊
3584,血栓心脉宁胶囊
3585,富马酸依美斯汀滴眼液
3586,氨咖黄敏胶囊
3587,盐酸环丙沙星滴耳液
3588,盐酸氨溴索缓释胶囊
3589,生精胶囊
3590,六神胶囊
3591,盐酸缬更昔洛韦片
3592,参芪降糖颗粒
3593,刺五加片
3594,珊瑚七十味丸
3595,消痔栓
3596,地高辛酏剂
3597,阿胶牡蛎口服液
3598,跌打丸
3599,益肝灵片
3600,乳宁片
3601,吡嘧司特钾滴眼液
3602,维血康糖浆
3603,复方氨基酸胶囊(8-11)
3604,维A酸片
3605,板蓝根茶
3606,润伊容胶囊
3607,盆炎清栓
3608,丙硫氧嘧啶肠溶片
3609,溃疡胶囊
3610,舒筋定痛片
3611,单糖浆
3612,肛泰软膏
3613,小金胶囊
3614,七参连软膏
3615,香茯益血口服液
3616,注射用阿魏酸钠
3617,夜尿宁丸
3618,银贝止咳颗粒
3619,微达康颗粒
3620,骨筋丸胶囊
3621,复方倍他米松注射液
3622,阿司匹林肠溶胶囊
3623,天紫红女金胶囊
3624,高锰酸钾外用片
3625,咪喹莫特乳膏
3626,Vero细胞
3627,肾茶袋泡茶
3628,复方丹参含片
3629,雌三醇乳膏
3630,盐酸金刚烷胺片
3631,枸橼酸氢钾钠颗粒
3632,肝苏软胶囊
3633,牛磺酸颗粒
3634,盐酸米诺环素胶囊
3635,血复生片
3636,复方醋酸棉酚片
3637,氨甲环酸注射液
3638,鬼臼毒素酊
3639,酒石酸美托洛尔胶囊
3640,注射用七叶皂苷钠
3641,茵莲清肝颗粒
3642,枣椹安神口服液
3643,盐酸左氧氟沙星胶囊
3644,复方紫龙片
3645,脑血栓片
3646,羚羊角滴丸
3647,浓缩丸
3648,维U颠茄铝分散片
3649,肤痒颗粒
3650,卡介菌多糖核酸注射液
3651,伤痛酊
3652,司帕沙星胶囊
3653,复方硼砂含漱液
3654,保和颗粒
3655,递法明片
3656,复方牙痛宁搽剂
3657,磷酸奥司他韦颗粒
3658,人凝血因子Ⅷ
3659,吡拉西坦葡萄糖注射液
3660,布洛芬混悬滴剂
3661,麦考酚钠肠溶片
3662,酪酸梭菌活菌散
3663,清脑降压片
3664,注射用糜蛋白酶
3665,黄柏胶囊
3666,赖氨葡锌片
3667,小儿健脾丸
3668,水杨酸苯酚贴膏
3669,百宝丹胶囊
3670,保胎灵片
3671,灰黄霉素片
3672,健脑胶囊
3673,清火栀麦片
3674,朱砂莲胶囊
3675,化毒丹
3676,吐泻肚痛胶囊
3677,小儿止泻安颗粒
3678,地鼠肾细胞
3679,消石片
3680,注射用异环磷酰胺
3681,夏枯草颗粒
3682,注射用醋酸卡泊芬净
3683,盐酸赛庚啶片
3684,甘露聚糖肽胶囊
3685,脉管复康片
3686,冰珍去翳滴眼液
3687,注射用甲磺酸去铁胺
3688,普伐他汀钠片
3689,氨茶碱片
3690,冻疮膏
3691,通滞苏润江胶囊
3692,清热散结胶囊
3693,成膜型
3694,消旋山莨菪碱滴眼液
3695,奥美拉唑肠溶胶囊
3696,麝珠明目滴眼液
3697,肾肝宁胶囊
3698,伏格列波糖片
3699,坐珠达西
3700,注射用醋酸奥曲肽微球
3701,熊胆丸
3702,他克莫司缓释胶囊
3703,十味活血丸
3704,鹿角胶
3705,血栓通注射液
3706,达那唑胶囊
3707,盐酸特拉唑嗪胶囊
3708,人参归脾丸
3709,小儿双磺甲氧苄啶颗粒
3710,来氟米特片
3711,注射用重组人凝血因子VIII
3712,跌打扭伤灵酊
3713,胆宁片
3714,甲磺酸溴隐亭片
3715,双氯芬酸钠滴眼液
3716,枸橼酸莫沙必利胶囊
3717,甲磺酸加替沙星分散片
3718,心脑康胶囊
3719,维U铝镁双层片
3720,调经至宝丸
3721,氨茶碱氯化钠注射液
3722,骨增消片
3723,硫普罗宁注射液
3724,蛇莲胶囊
3725,小儿热咳口服液
3726,胃复春片
3727,注射用硫酸长春地辛
3728,氯霉素滴眼液
3729,蒙脱石散
3730,黄藤素分散片
3731,季德胜蛇药片
3732,小活络丸
3733,外用重组人表皮生长因子
3734,盐酸氨溴索口服溶液
3735,胞磷胆碱钠葡萄糖注射液
3736,补肾益气胶囊
3737,复方七叶皂苷钠凝胶
3738,强阳保肾丸
3739,注射用氟尿嘧啶
3740,复方斑蝥胶囊
3741,醋酸钙胶囊
3742,龟甲胶
3743,三味清热止痒洗剂
3744,跳骨片
3745,富马酸依美斯汀缓释胶囊
3746,硼酸氧化锌冰片软膏
3747,复方首乌补液
3748,胶体酒石酸铋胶囊
3749,盐酸拉贝洛尔片
3750,30R
3751,黄氏响声含片
3752,甲硝唑注射液
3753,宫瘤消胶囊
3754,盐酸美他环素片
3755,复方氢溴酸东莨菪碱贴膏
3756,醋酸地塞米松片
3757,氯雷他定糖浆
3758,抗癌平丸
3759,脂脉康胶囊
3760,黄莪胶囊
3761,枸橼酸钙片
3762,利培酮胶囊
3763,参茸酒
3764,复方四环素泼尼松膜
3765,外伤如意膏
3766,肿痛安胶囊
3767,四物颗粒
3768,狼疮丸
3769,阿拉坦五味丸
3770,盐酸苯乙双胍片
3771,盐酸多奈哌齐分散片
3772,复方丹参滴丸
3773,盐酸哌甲酯缓释片
3774,逍遥丸
3775,注射用顺铂
3776,贞蓉丹合剂
3777,小儿消积止咳口服液
3778,复方黄连素片
3779,注射用两性霉素B
3780,跌打损伤丸
3781,乌龙养血胶囊
3782,香砂六君丸
3783,琥珀酸索利那新片
3784,强骨生血口服液
3785,活络油
3786,维生素B12片
3787,磷霉素钙甲氧苄啶胶囊
3788,红金消结胶囊
3789,肝素钠维E乳膏
3790,障翳散
3791,薏芽健脾凝胶
3792,注射用盐酸二甲弗林
3793,中性胰岛素注射液
3794,胞磷胆碱钠氯化钠注射液
3795,盐酸西那卡塞片
3796,宫瘤清片
3797,消炎镇痛膏
3798,复方米非司酮片
3799,羟糖甘滴眼液
3800,滑膜炎片
3801,利福平胶囊
3802,注射用帕米膦酸二钠
3803,茵芪肝复颗粒
3804,薄芝片
3805,单硝酸异山梨酯缓释片
3806,盐酸曲唑酮片
3807,鼻渊丸
3808,心可舒胶囊
3809,枸橼酸铋钾颗粒
3810,注射用去甲斑蝥酸钠
3811,复方氟尿嘧啶片
3812,苯磺酸氨氯地平片
3813,板蓝根颗粒
3814,克霉唑溶液
3815,复方甘菊利多卡因凝胶
3816,布洛芬缓释混悬液
3817,双唑泰阴道泡腾片
3818,复方白芷酊
3819,诺氟沙星滴眼液
3820,九制大黄丸
3821,维生素C咀嚼片
3822,妇科止痒胶囊
3823,大月晶丸
3824,喉疾灵胶囊
3825,抗人T细胞猪免疫球蛋白
3826,前列倍喜胶囊
3827,健儿消食口服液
